"ID","Description","GeneRatio","BgRatio","RichFactor","FoldEnrichment","zScore","pvalue","p.adjust","qvalue","geneID","Count","module"
"GO:0007018","microtubule-based movement",0.0782608695652174,0.0236233126205271,0.122448979591837,3.31286601597161,9.62949016376879,8.99925586634141e-15,3.79858590118271e-11,3.42161180939212e-11,"Ap3m2/Apc/Ash1l/Bbof1/Bloc1s5/C2cd6/Ccnyl1/Cenpe/Cep128/Cfap251/Cfap44/Cfap46/Cfap54/Cfap58/Dnah10/Dnah12/Dnah14/Dnah2/Dnah3/Dnah8/Dst/Dtnbp1/Dync1h1/Dync2h1/Fbxw11/Fmr1/Fsip2/Fyco1/Hnrnpu/Hydin/Ift140/Ift74/Iqub/Kif20b/Kif21a/Kif3a/Ktn1/Lca5/Map1b/Map2/Odad2/Pcm1/Slc22a16/Slc9c1/Spag17/Spef2/Stard7/Stard9/Syne2/Tmf1/Ttll5/Ttll6/Ttll8/Vps13a",54,"brown"
"GO:0044782","cilium organization",0.0710144927536232,0.0227126633811871,0.115566037735849,3.12664752529396,8.67779792272988,1.46190606712658e-12,2.0569018364471e-09,1.85277358402148e-09,"Ahi1/Alms1/Bbof1/C2cd3/Ccdc66/Ccdc88a/Ccp110/Cdkl5/Cep126/Cep128/Cep135/Cep162/Cep164/Cep290/Cep70/Cfap44/Cfap46/Cfap54/Cfap58/Cfap91/Cplane1/Dnah2/Dnah8/Dtnbp1/Dync2h1/Fbf1/Fbxw8/Fnbp1l/Fsip2/Hydin/Ift140/Ift74/Intu/Iqub/Kif3a/Lca5/Mphosph9/Odad2/Pcm1/Poc1a/Rab11fip3/Sclt1/Sdccag8/Spag17/Spef2/Syne2/Ttll5/Ttll8/Usp9x",49,"brown"
"GO:0060271","cilium assembly",0.0695652173913043,0.0208377973001928,0.123393316195373,3.33841511121046,9.13085222469792,2.19629156468291e-13,4.63527334726328e-10,4.17526585875509e-10,"Ahi1/Alms1/Bbof1/C2cd3/Ccdc66/Ccdc88a/Ccp110/Cdkl5/Cep126/Cep128/Cep135/Cep162/Cep164/Cep290/Cep70/Cfap44/Cfap46/Cfap54/Cfap58/Cfap91/Cplane1/Dnah2/Dnah8/Dtnbp1/Dync2h1/Fbf1/Fbxw8/Fnbp1l/Fsip2/Hydin/Ift140/Ift74/Intu/Iqub/Kif3a/Mphosph9/Odad2/Pcm1/Poc1a/Rab11fip3/Sclt1/Sdccag8/Spag17/Spef2/Syne2/Ttll5/Ttll8/Usp9x",48,"brown"
"GO:0006397","mRNA processing",0.0652173913043478,0.0239447182344118,0.100671140939597,2.72366501313102,7.22622774712402,1.17138969891658e-09,8.24072653187813e-07,7.42291156576611e-07,"Ahcyl1/Celf1/Chd8/Cnot6l/Cwc25/Cwf19l2/Ddx17/Ddx46/Fmr1/Fra10ac1/Hnrnpu/Htatsf1/Iws1/Luc7l2/Mbnl2/Ncl/Obi1/Pcf11/Prpf40a/Prpf4b/Ptbp2/Rbm26/Rbm39/Scaf1/Scaf8/Setx/Sf3b2/Smndc1/Son/Srek1/Srrm1/Supt6h/Syf2/Syncrip/Tcerg1/Tdrd6/Tent2/Tfip11/Thoc2/Thoc2l/Tra2a/Upf3b/Xrn2/Ythdc1/Zfp326",45,"brown"
"GO:0007281","germ cell development",0.0608695652173913,0.0233554746089565,0.0963302752293578,2.606222576785,6.64848870978875,1.54185954833281e-08,7.21073562035502e-06,6.49513761037477e-06,"Alms1/Arid4a/Arid4b/Aspm/Atm/Bbof1/Brca2/C2cd6/Celf1/Cep128/Cfap44/Cfap54/Cfap58/Ctcf/Dpy19l2/Dync1h1/Fbxw11/Fndc3a/Fsip2/Kmt2d/Marf1/Pik3ca/Piwil2/Psme4/Rara/Rxfp2/Slc9a8/Smarca2/Smchd1/Spag17/Spef2/Stk31/Strbp/Tcp11x2/Tdrd1/Tdrd6/Tmf1/Ttll5/Tut4/Tut7/Vps13b/Ythdc1",42,"brown"
"GO:0008380","RNA splicing",0.0579710144927536,0.0216948789372188,0.0987654320987654,2.67210592234747,6.66494175091438,1.70830031280621e-08,7.21073562035502e-06,6.49513761037477e-06,"Celf1/Clk4/Cwc25/Cwf19l2/Ddx17/Ddx46/Fmr1/Fra10ac1/Hnrnph2/Hnrnpu/Htatsf1/Ivns1abp/Iws1/Luc7l2/Mbnl2/Ncl/Obi1/Prpf40a/Prpf4b/Ptbp2/Rbm39/Scaf1/Setx/Sf3b2/Smndc1/Son/Srek1/Srrm1/Srsf11/Syf2/Syncrip/Taf15/Tcerg1/Tdrd6/Tfip11/Tra2a/Upf3b/Ythdc1/Zfp326/Zfp638",40,"brown"
"GO:0007059","chromosome segregation",0.0536231884057971,0.0204092564816799,0.0971128608923885,2.6273954886074,6.28746360538115,9.11581539073978e-08,2.74841834030804e-05,2.47566354822196e-05,"Apc/Aspm/Atm/Brca2/Brd4/Cdca2/Cdk5rap2/Cenpe/Cenpf/Cenph/Cep192/Cit/Ctcf/Dlgap5/Dync1h1/Eml4/Haus7/Hnrnpu/Knl1/Mau2/Mki67/Ncapd3/Ncor1/Nipbl/Sgo2/Smc1a/Smc2/Smc3/Smc5/Smc6/Stard9/Tex15/Tlk2/Tpr/Ttn/Zcwpw1/Zfp207",37,"brown"
"GO:0000280","nuclear division",0.0521739130434783,0.0240518534390401,0.0801781737193764,2.16922629999032,4.91304338519337,1.20090477291205e-05,0.00130255237015479,0.00117328624072597,"Ankle2/Apc/Aspm/Atm/Brca2/Cdca2/Cdk5rap2/Cenpe/Cep192/Cit/Eml4/Hnrnpu/Hsf2bp/Knl1/Marf1/Mki67/Ncapd3/Nipbl/Phip/Piwil2/Rad50/Ranbp1/Sgo2/Siah1/Smc1a/Smc2/Smc3/Spire1/Sycp2/Tex15/Tom1l2/Tpr/Ttn/Ubr2/Zcwpw1/Zfp207",36,"brown"
"GO:0140694","non-membrane-bounded organelle assembly",0.0492753623188406,0.0225519605742447,0.0807600950118765,2.18497022272712,4.81774567266687,1.79939867785953e-05,0.00151905236384901,0.00136830063672181,"Akap13/Alms1/Aspm/Atxn2/C2cd3/Ccp110/Cdk5rap2/Cenpe/Cenph/Cep135/Cep192/Cep295/Cnot6l/Dhx29/Dlgap5/Dync1h1/Eif5b/Ep300/Fmr1/Haus7/Hnrnpu/Lmod2/Mdm1/Myh10/Ncor1/Smc1a/Smc3/Stard9/Tpr/Ttn/Wnk1/Wnk3/Ythdf3/Zfp207",34,"brown"
"GO:0040029","epigenetic regulation of gene expression",0.0463768115942029,0.0120527105206771,0.142222222222222,3.84783252818035,8.41939806531924,6.06143623647797e-11,6.39633058854338e-08,5.76155465425222e-08,"Arid4a/Arid4b/Baz1a/Baz2a/Ctcf/Ctr9/Dot1l/Ep300/Glmn/Hdac4/Hells/Hnrnpu/Kdm2a/Kdm5a/Kmt2a/Kmt2d/Lcor/Phf8/Pik3ca/Piwil2/Resf1/Sin3a/Smarcd1/Smchd1/Tasor/Tex15/Tpr/Trip12/Ubr2/Ubr5/Ythdc1/Zfp445",32,"brown"
"GO:0006401","RNA catabolic process",0.0463768115942029,0.0199271480608528,0.0860215053763441,2.32731806139941,5.06593390500067,8.94237869006976e-06,0.00114381152881165,0.00103029894189895,"Ago1/Ago2/Atm/Brf1/Celf1/Cnot6l/Fmr1/Gigyf2/Hnrnpu/Rbm33/Rc3h2/Rock1/Smg1/Smg6/Ssb/Supv3l1/Syncrip/Taf15/Tent2/Tnrc6a/Tnrc6b/Tnrc6c/Trnt1/Tut4/Tut7/Upf2/Upf3b/Xrn1/Xrn2/Ythdc1/Ythdf3/Zcchc7",32,"brown"
"GO:1903311","regulation of mRNA metabolic process",0.0463768115942029,0.0201414184701093,0.0851063829787234,2.30255935861856,4.99864127244689,1.11189093543781e-05,0.0013003856422536,0.00117133454028604,"Ago1/Ago2/Ahcyl1/Brf1/Celf1/Cnot6l/Ddx17/Fmr1/Gigyf2/Hnrnpu/Iws1/Mbnl2/Ncl/Obi1/Rbm33/Rbm39/Rc3h2/Rock1/Son/Srrm1/Supt6h/Syncrip/Taf15/Tnrc6a/Tnrc6b/Tnrc6c/Tra2a/Tut4/Tut7/Upf3b/Ythdc1/Ythdf3",32,"brown"
"GO:0048638","regulation of developmental growth",0.0463768115942029,0.02223055496036,0.0771084337349398,2.08617426226646,4.38376787910882,7.66300876336741e-05,0.00437102162029376,0.00393723864200328,"Abl1/Adnp/Afdn/Alms1/Apc/Atrn/Atxn2/Bmpr2/Cdkl5/Celf1/Cit/Ep300/Golga4/Gpam/Itsn2/Limk1/Macf1/Map1b/Map2/Mapk14/Megf8/Mycbp2/Ncor1/Nipbl/Pik3ca/Ptk2/Rims2/Siah1/Sin3a/Spag9/Stk4/Wwc2",32,"brown"
"GO:0006402","mRNA catabolic process",0.0449275362318841,0.0173023355474609,0.0959752321981424,2.59661686184771,5.67066818645989,1.29752024151396e-06,0.000219073317577217,0.000197332341572565,"Ago1/Ago2/Atm/Brf1/Celf1/Cnot6l/Fmr1/Gigyf2/Hnrnpu/Rbm33/Rc3h2/Rock1/Smg1/Smg6/Ssb/Supv3l1/Syncrip/Taf15/Tent2/Tnrc6a/Tnrc6b/Tnrc6c/Tut4/Tut7/Upf2/Upf3b/Xrn1/Xrn2/Ythdc1/Ythdf3/Zcchc7",31,"brown"
"GO:0006913","nucleocytoplasmic transport",0.0434782608695652,0.0184808227983715,0.0869565217391304,2.3526149968494,4.96794267711591,1.37704801027238e-05,0.00130255237015479,0.00117328624072597,"Ahcyl1/Akap13/Ctdspl2/Ep300/Fmr1/Inpp4b/Ipo5/Ipo7/Iws1/Jup/Mapk14/Nf1/Nup160/Phip/Ppp1r12a/Ranbp1/Ranbp17/Ranbp2/Rbm33/Setd2/Ssb/Stk4/Supt6h/Thoc2/Thoc2l/Tnpo3/Tpr/Ubr5/Wnk1/Ythdc1",30,"brown"
"GO:0051169","nuclear transport",0.0434782608695652,0.0185343904006857,0.0867052023121387,2.34581553154059,4.95026293296934,1.45618008889194e-05,0.00130255237015479,0.00117328624072597,"Ahcyl1/Akap13/Ctdspl2/Ep300/Fmr1/Inpp4b/Ipo5/Ipo7/Iws1/Jup/Mapk14/Nf1/Nup160/Phip/Ppp1r12a/Ranbp1/Ranbp17/Ranbp2/Rbm33/Setd2/Ssb/Stk4/Supt6h/Thoc2/Thoc2l/Tnpo3/Tpr/Ubr5/Wnk1/Ythdc1",30,"brown"
"GO:0010639","negative regulation of organelle organization",0.0434782608695652,0.0204092564816799,0.078740157480315,2.13032066643843,4.36700857437138,8.76549500402662e-05,0.00486830979105215,0.00438517561697288,"Apc/Atm/Camsap1/Camsap2/Ccp110/Cdk5rap2/Cenpe/Ctc1/Eml4/Fnip1/Hnrnpu/Huwe1/Knl1/Lmod2/Map1b/Map2/Mdm1/Mfn1/Mphosph9/Parp1/Pik3ca/Psmd10/Rad50/Smg6/Ssh2/Taok1/Tmem39a/Tom1l2/Tpr/Zfp207",30,"brown"
"GO:0003341","cilium movement",0.0420289855072464,0.0123205485322477,0.126086956521739,3.41129174543163,7.20854963517657,8.15949678069735e-09,4.30515448891544e-06,3.87790820682616e-06,"Ash1l/Bbof1/C2cd6/Ccnyl1/Cep128/Cfap251/Cfap44/Cfap46/Cfap54/Cfap58/Dnah12/Dnah2/Dnah8/Dync2h1/Fsip2/Hydin/Iqub/Kif3a/Odad2/Slc22a16/Slc9c1/Spag17/Spef2/Stard7/Tmf1/Ttll5/Ttll6/Ttll8/Vps13a",29,"brown"
"GO:0032886","regulation of microtubule-based process",0.0420289855072464,0.0145168202271266,0.107011070110701,2.89519225627039,6.15680693937949,3.0362768048984e-07,7.12006910748675e-05,6.41346890017136e-05,"Abl1/Akap9/Alms1/Apc/Atf5/Camsap1/Camsap2/Cdk5rap2/Cep295/Cep70/Chordc1/Diaph1/Dixdc1/Dst/Dync1h1/Eml4/Gba2/Hnrnpu/Kif3a/Macf1/Map1b/Map2/Mdm1/Odad2/Poc1a/Rock1/Taok1/Tpr/Ttll6",29,"brown"
"GO:0045787","positive regulation of cell cycle",0.0420289855072464,0.0187486608099421,0.0828571428571429,2.24170600414079,4.59414710263672,4.63628773454736e-05,0.00305777664492569,0.00275432093703702,"Abl1/Adam17/Atad5/Brca2/Brd4/Cdc25a/Cenpe/Cep295/Cit/Crebbp/Cspp1/Dync1h1/Hnrnpu/Kif20b/Kmt2e/Knl1/Ncapd3/Phip/Piwil2/Poc1a/Ranbp1/Rara/Sgo2/Sin3a/Smc2/Smc5/Smc6/Tpr/Wnk1",29,"brown"
"GO:0032386","regulation of intracellular transport",0.0405797101449275,0.0160702806942361,0.0933333333333333,2.52514009661836,5.21711670793449,7.15688946794332e-06,0.000944038451380898,0.000850351472309581,"Arhgap44/Cep290/Ctdspl2/Dnajc13/Dync1h1/Ep300/Inpp4b/Ipo5/Iws1/Jup/Kif20b/Kif3a/Map1b/Map2/Mapk14/Nf1/Oaz2/Pcm1/Pla2g4e/Ppp1r12a/Rab11fip3/Sec24b/Setd2/Supt6h/Thoc2/Tpr/Ubr5/Wnk1",28,"brown"
"GO:0006302","double-strand break repair",0.0391304347826087,0.015106063852582,0.0957446808510638,2.59037927844588,5.27196788302834,6.50214899804982e-06,0.000885340997444139,0.000797479191203938,"Abl1/Arid2/Atm/Brca2/Dek/Ep400/Hsf2bp/Htatsf1/Kdm2a/Lig3/Marf1/Mbtd1/Ogg1/Parp1/Rad50/Rev3l/Setd2/Setx/Smc5/Smc6/Smchd1/Spire1/Tex15/Top2b/Trrap/Ube2v2/Zcwpw1",27,"brown"
"GO:0000375","RNA splicing, via transesterification reactions",0.0391304347826087,0.0158024426826655,0.0915254237288136,2.47622697126013,5.00685745614475,1.48122515440487e-05,0.00130255237015479,0.00117328624072597,"Celf1/Cwc25/Cwf19l2/Ddx17/Ddx46/Fmr1/Fra10ac1/Hnrnpu/Htatsf1/Luc7l2/Mbnl2/Ncl/Obi1/Prpf40a/Prpf4b/Ptbp2/Rbm39/Setx/Sf3b2/Son/Srrm1/Syf2/Tdrd6/Tfip11/Tra2a/Upf3b/Ythdc1",27,"brown"
"GO:0000377","RNA splicing, via transesterification reactions with bulged adenosine as nucleophile",0.0391304347826087,0.0158024426826655,0.0915254237288136,2.47622697126013,5.00685745614475,1.48122515440487e-05,0.00130255237015479,0.00117328624072597,"Celf1/Cwc25/Cwf19l2/Ddx17/Ddx46/Fmr1/Fra10ac1/Hnrnpu/Htatsf1/Luc7l2/Mbnl2/Ncl/Obi1/Prpf40a/Prpf4b/Ptbp2/Rbm39/Setx/Sf3b2/Son/Srrm1/Syf2/Tdrd6/Tfip11/Tra2a/Upf3b/Ythdc1",27,"brown"
"GO:0000398","mRNA splicing, via spliceosome",0.0391304347826087,0.0158024426826655,0.0915254237288136,2.47622697126013,5.00685745614475,1.48122515440487e-05,0.00130255237015479,0.00117328624072597,"Celf1/Cwc25/Cwf19l2/Ddx17/Ddx46/Fmr1/Fra10ac1/Hnrnpu/Htatsf1/Luc7l2/Mbnl2/Ncl/Obi1/Prpf40a/Prpf4b/Ptbp2/Rbm39/Setx/Sf3b2/Son/Srrm1/Syf2/Tdrd6/Tfip11/Tra2a/Upf3b/Ythdc1",27,"brown"
"GO:0090068","positive regulation of cell cycle process",0.0376811594202899,0.0148917934433255,0.0935251798561151,2.53033051819414,5.03625711021196,1.45518216247254e-05,0.00130255237015479,0.00117328624072597,"Adam17/Atad5/Brd4/Cdc25a/Cenpe/Cep295/Cit/Crebbp/Cspp1/Dync1h1/Hnrnpu/Kif20b/Kmt2e/Knl1/Ncapd3/Phip/Piwil2/Poc1a/Ranbp1/Sgo2/Sin3a/Smc2/Smc5/Smc6/Tpr/Wnk1",26,"brown"
"GO:0035264","multicellular organism growth",0.036231884057971,0.0117313049067924,0.114155251141553,3.08847859175435,6.09055389892672,5.95145769821496e-07,0.000125605514720827,0.000113140343189223,"Abl2/Alms1/Ankrd11/Arid5b/Atf5/Atm/Atrn/Atxn2/Brca2/Celf1/Ctc1/Ep300/Gigyf2/Gpam/Kdm2a/Kmt2c/Ncor1/Nipbl/Pik3ca/Rara/Rasal2/Rc3h2/Siah1/Sik3/Slc12a2",25,"brown"
"GO:0045814","negative regulation of gene expression, epigenetic",0.0347826086956522,0.00755303192629098,0.170212765957447,4.60511871723713,8.41817010658575,3.73026008328322e-10,3.14908556230769e-07,2.83656829911979e-07,"Baz1a/Baz2a/Ctcf/Ctr9/Dot1l/Hdac4/Hells/Hnrnpu/Kdm5a/Kmt2a/Kmt2d/Phf8/Piwil2/Resf1/Sin3a/Smchd1/Tasor/Tex15/Tpr/Trip12/Ubr2/Ubr5/Ythdc1/Zfp445",24,"brown"
"GO:0001539","cilium or flagellum-dependent cell motility",0.0347826086956522,0.0102849796443111,0.125,3.38188405797101,6.49917717220427,1.85860400507566e-07,4.61480441495551e-05,4.15682827636736e-05,"Ash1l/Bbof1/C2cd6/Ccnyl1/Cep128/Cfap251/Cfap44/Cfap46/Cfap54/Cfap58/Dnah12/Dnah2/Dnah8/Dync2h1/Fsip2/Iqub/Slc22a16/Slc9c1/Spef2/Tmf1/Ttll5/Ttll6/Ttll8/Vps13a",24,"brown"
"GO:0060285","cilium-dependent cell motility",0.0347826086956522,0.0102849796443111,0.125,3.38188405797101,6.49917717220427,1.85860400507566e-07,4.61480441495551e-05,4.15682827636736e-05,"Ash1l/Bbof1/C2cd6/Ccnyl1/Cep128/Cfap251/Cfap44/Cfap46/Cfap54/Cfap58/Dnah12/Dnah2/Dnah8/Dync2h1/Fsip2/Iqub/Slc22a16/Slc9c1/Spef2/Tmf1/Ttll5/Ttll6/Ttll8/Vps13a",24,"brown"
"GO:0007623","circadian rhythm",0.0347826086956522,0.0145168202271266,0.0885608856088561,2.39602117760308,4.53517728628853,7.35552393007091e-05,0.00425310500120949,0.00383102414353513,"Adora1/Atf5/Cipc/Clock/Ep300/Fbxw11/Hnrnpu/Huwe1/Kdm2a/Kdm5a/Kmt2a/Mapk10/Mybbp1a/Mycbp2/Ncor1/Nr1d2/Nrxn1/Ogt/Parp1/Piwil2/Setx/Sin3a/Syncrip/Usp9x",24,"brown"
"GO:0060294","cilium movement involved in cell motility",0.0333333333333333,0.0099635740304264,0.123655913978495,3.34551971326165,6.29813836647781,4.05730093431754e-07,9.01361433881807e-05,8.11909749293903e-05,"Ash1l/Bbof1/C2cd6/Ccnyl1/Cep128/Cfap251/Cfap44/Cfap46/Cfap54/Cfap58/Dnah12/Dnah8/Dync2h1/Fsip2/Iqub/Slc22a16/Slc9c1/Spef2/Tmf1/Ttll5/Ttll6/Ttll8/Vps13a",23,"brown"
"GO:0030705","cytoskeleton-dependent intracellular transport",0.0333333333333333,0.0103385472466252,0.119170984455959,3.22417962003454,6.08481542577097,7.85244519204355e-07,0.000144109439807025,0.000129807926927512,"Ap3m2/Bloc1s5/Ccdc88a/Dst/Dtnbp1/Dync1h1/Dync2h1/Fbxw11/Fmr1/Fnbp1l/Fyco1/Hnrnpu/Hook3/Ift140/Ift74/Kif3a/Lca5/Map1b/Map2/Myo10/Pcm1/Spag17/Syne2",23,"brown"
"GO:0140014","mitotic nuclear division",0.0333333333333333,0.0144096850224984,0.0855018587360595,2.31325898389095,4.25030926569588,0.000174197057044001,0.00865042091509093,0.00779194761663074,"Ankle2/Apc/Atm/Cdca2/Cdk5rap2/Cenpe/Cep192/Cit/Eml4/Hnrnpu/Knl1/Mki67/Ncapd3/Nipbl/Phip/Ranbp1/Smc1a/Smc2/Smc3/Tom1l2/Tpr/Ttn/Zfp207",23,"brown"
"GO:0051321","meiotic cell cycle",0.0333333333333333,0.0147310906363831,0.0836363636363636,2.26278787878788,4.13296366410488,0.000240366407176995,0.0113491669889789,0.0102228684058883,"Aspm/Atm/Brca2/Cdc25a/Cenpe/Hsf2bp/Knl1/Marf1/Mki67/Ncapd3/Piwil2/Rad50/Sgo2/Siah1/Smc1a/Smc1b/Smc2/Smc3/Spire1/Sycp2/Tex15/Ubr2/Zcwpw1",23,"brown"
"GO:0031023","microtubule organizing center organization",0.0318840579710145,0.00808870794943218,0.145695364238411,3.94179863710529,7.11061596907825,3.86438429306404e-08,1.35929717508528e-05,1.22439965496029e-05,"Alms1/Atf5/Brca2/Brsk1/C2cd3/Ccp110/Cdk5rap2/Cep135/Cep192/Cep295/Chordc1/Cntln/Fbxw11/Haus7/Kif3a/Mdm1/Pcm1/Poc1a/Ppp1r12a/Ranbp1/Sdccag8/Usp33",22,"brown"
"GO:0099111","microtubule-based transport",0.0318840579710145,0.0114098992929076,0.103286384976526,2.79442063006056,5.15998158370994,1.41642455468987e-05,0.00130255237015479,0.00117328624072597,"Ap3m2/Bloc1s5/Cfap54/Dst/Dtnbp1/Dync1h1/Dync2h1/Fbxw11/Fmr1/Fyco1/Hnrnpu/Ift140/Ift74/Kif3a/Lca5/Map1b/Map2/Pcm1/Spag17/Spef2/Stard7/Syne2",22,"brown"
"GO:0008361","regulation of cell size",0.0318840579710145,0.0126955217484465,0.0928270042194093,2.51144132575063,4.5875640102146,7.27837153869593e-05,0.00425310500120949,0.00383102414353513,"Abl1/Adnp/Akt3/Arhgap5/Bmpr2/Cdkl5/Cit/Ep300/Golga4/Limk1/Macf1/Map1b/Map2/Megf8/Ogt/Rb1cc1/Sin3a/Slc12a2/Slc12a6/Tsc1/Wnk1/Wnk3",22,"brown"
"GO:0007286","spermatid development",0.0318840579710145,0.0133919005785301,0.088,2.38084637681159,4.3061113493942,0.000158788362729648,0.00807524914556441,0.00727385626099544,"Alms1/Bbof1/C2cd6/Celf1/Cep128/Cfap44/Cfap54/Cfap58/Dpy19l2/Dync1h1/Fndc3a/Fsip2/Psme4/Slc9a8/Smarca2/Spag17/Spef2/Strbp/Tcp11x2/Tmf1/Ttll5/Vps13b",22,"brown"
"GO:0048515","spermatid differentiation",0.0318840579710145,0.0139275766016713,0.0846153846153846,2.28927536231884,4.1012871349661,0.000276821908885605,0.0124304816745334,0.0111968727311848,"Alms1/Bbof1/C2cd6/Celf1/Cep128/Cfap44/Cfap54/Cfap58/Dpy19l2/Dync1h1/Fndc3a/Fsip2/Psme4/Slc9a8/Smarca2/Spag17/Spef2/Strbp/Tcp11x2/Tmf1/Ttll5/Vps13b",22,"brown"
"GO:0007098","centrosome cycle",0.0304347826086957,0.0073387615170345,0.153284671532847,4.14712789590606,7.24296470929905,3.18470712035128e-08,1.22205897772752e-05,1.10078106399128e-05,"Alms1/Atf5/Brca2/Brsk1/C2cd3/Ccp110/Cdk5rap2/Cep135/Cep192/Cep295/Chordc1/Cntln/Haus7/Kif3a/Mdm1/Pcm1/Poc1a/Ppp1r12a/Ranbp1/Sdccag8/Usp33",21,"brown"
"GO:0031507","heterochromatin formation",0.0289855072463768,0.00594600385686737,0.18018018018018,4.87478783130957,8.02133498753956,3.928581077976e-09,2.36893439001953e-06,2.13383982761644e-06,"Baz1a/Baz2a/Dot1l/Hells/Hnrnpu/Kdm5a/Kmt2a/Kmt2d/Phf8/Piwil2/Resf1/Sin3a/Smchd1/Tasor/Tex15/Tpr/Trip12/Ubr2/Ubr5/Ythdc1",20,"brown"
"GO:0070828","heterochromatin organization",0.0289855072463768,0.0073387615170345,0.145985401459854,3.94964561514863,6.7884686616174,1.54519811199938e-07,4.34818748716627e-05,3.91667058283633e-05,"Baz1a/Baz2a/Dot1l/Hells/Hnrnpu/Kdm5a/Kmt2a/Kmt2d/Phf8/Piwil2/Resf1/Sin3a/Smchd1/Tasor/Tex15/Tpr/Trip12/Ubr2/Ubr5/Ythdc1",20,"brown"
"GO:0000910","cytokinesis",0.0289855072463768,0.00905292479108635,0.118343195266272,3.20178372352285,5.63293842767508,4.5352244286678e-06,0.000638106077113559,0.000574780022328003,"Ahctf1/Apc/Birc6/Brca2/Ccp110/Cit/Cspp1/Iqgap1/Kif20b/Myh10/Pik3r4/Prpf40a/Rab11fip3/Rasa1/Rock1/Setd2/Son/Spire1/Usp8/Wnk1",20,"brown"
"GO:0021915","neural tube development",0.0289855072463768,0.0104456824512535,0.102564102564103,2.77487922705314,4.88099674612382,3.80356803900591e-05,0.00254839058613396,0.00229548667617199,"Abl1/Abl2/Arid1a/Brd2/C2cd3/Coq7/Glmn/Hectd1/Ift140/Intu/Kdm2a/Kif20b/Kif3a/Luzp1/Nf1/Rara/Sec24b/Setd2/Stk4/Tsc1",20,"brown"
"GO:0033044","regulation of chromosome organization",0.0289855072463768,0.0113027640882794,0.0947867298578199,2.56446184490693,4.47730590979128,0.000114871794784378,0.00611533833687145,0.00550844825316517,"Apc/Atm/Cdk5rap2/Cenpe/Cit/Ctc1/Hnrnpu/Knl1/Parp1/Rad50/Resf1/Sgo2/Smc2/Smc5/Smg1/Smg6/Tasor/Tpr/Ylpm1/Zfp207",20,"brown"
"GO:0000956","nuclear-transcribed mRNA catabolic process",0.027536231884058,0.00637454467538033,0.159663865546218,4.31971745219827,7.1171394085763,7.36199425998845e-08,2.39038290549317e-05,2.15315977871079e-05,"Ago1/Ago2/Atm/Cnot6l/Hnrnpu/Rc3h2/Smg1/Smg6/Ssb/Syncrip/Tent2/Tnrc6a/Tnrc6b/Tnrc6c/Upf2/Upf3b/Xrn1/Xrn2/Zcchc7",19,"brown"
"GO:0043484","regulation of RNA splicing",0.027536231884058,0.00889222198414399,0.114457831325301,3.09666492055177,5.31575376935682,1.26832214922588e-05,0.00130255237015479,0.00117328624072597,"Celf1/Clk4/Ddx17/Fmr1/Hnrnph2/Hnrnpu/Mbnl2/Ncl/Obi1/Ptbp2/Rbm39/Setx/Son/Srrm1/Tra2a/Upf3b/Ythdc1/Zfp326/Zfp638",19,"brown"
"GO:0010970","transport along microtubule",0.027536231884058,0.00916005999571459,0.111111111111111,3.0061191626409,5.16291831996422,1.9384173183276e-05,0.00160432539228643,0.00144511111533525,"Ap3m2/Bloc1s5/Dst/Dtnbp1/Dync1h1/Dync2h1/Fbxw11/Fmr1/Fyco1/Hnrnpu/Ift140/Ift74/Kif3a/Lca5/Map1b/Map2/Pcm1/Spag17/Syne2",19,"brown"
"GO:0007292","female gamete generation",0.027536231884058,0.0099635740304264,0.102150537634409,2.7636901979118,4.73582244448611,6.23471764312442e-05,0.00370658354529975,0.00333873982608828,"Alms1/Aspm/Atm/Brca2/Cenpe/Hsf2bp/Kmt2d/Marf1/Piwil2/Rxfp2/Sgo2/Spire1/Stk31/Sycp2/Tdrd1/Tdrd6/Tut4/Tut7/Ythdc1",19,"brown"
"GO:0001578","microtubule bundle formation",0.0260869565217391,0.00691022069852153,0.13953488372093,3.77512639029323,6.19620233968162,1.26341389489765e-06,0.000219073317577217,0.000197332341572565,"Bbof1/Ccdc66/Cdk5rap2/Cfap44/Cfap46/Cfap58/Cfap91/Dnah2/Dnah8/Fsip2/Hydin/Map1b/Map2/Odad2/Spag17/Spef2/Ttll5/Ttll6",18,"brown"
"GO:0070507","regulation of microtubule cytoskeleton organization",0.0260869565217391,0.00862438397257339,0.111801242236025,3.02479071023494,5.05494210831312,2.93243165733853e-05,0.00209793119078406,0.00188973115901994,"Abl1/Akap9/Apc/Camsap1/Camsap2/Cdk5rap2/Cep70/Dixdc1/Dst/Dync1h1/Eml4/Gba2/Hnrnpu/Map1b/Map2/Rock1/Taok1/Tpr",18,"brown"
"GO:0030317","flagellated sperm motility",0.0260869565217391,0.00899935718877223,0.107142857142857,2.89875776397516,4.84316717794198,5.17712198921091e-05,0.00331100483582716,0.00298241860048322,"Ash1l/Bbof1/C2cd6/Ccnyl1/Cep128/Cfap251/Cfap44/Cfap54/Cfap58/Fsip2/Iqub/Slc22a16/Slc9c1/Spef2/Tmf1/Ttll5/Ttll8/Vps13a",18,"brown"
"GO:0097722","sperm motility",0.0260869565217391,0.00899935718877223,0.107142857142857,2.89875776397516,4.84316717794198,5.17712198921091e-05,0.00331100483582716,0.00298241860048322,"Ash1l/Bbof1/C2cd6/Ccnyl1/Cep128/Cfap251/Cfap44/Cfap54/Cfap58/Fsip2/Iqub/Slc22a16/Slc9c1/Spef2/Tmf1/Ttll5/Ttll8/Vps13a",18,"brown"
"GO:0051168","nuclear export",0.0246376811594203,0.00873151917720163,0.104294478527607,2.82169467413532,4.57631559766467,0.000115903119391072,0.00611533833687145,0.00550844825316517,"Ahcyl1/Akap13/Ctdspl2/Fmr1/Iws1/Nup160/Ranbp17/Ranbp2/Rbm33/Setd2/Ssb/Supt6h/Thoc2/Thoc2l/Tpr/Wnk1/Ythdc1",17,"brown"
"GO:0050684","regulation of mRNA processing",0.0231884057971014,0.00712449110777802,0.120300751879699,3.25474555955105,5.11232184209722,3.27362595284417e-05,0.00222870566886375,0.00200752749434179,"Ahcyl1/Celf1/Ddx17/Fmr1/Hnrnpu/Iws1/Mbnl2/Ncl/Obi1/Rbm39/Son/Srrm1/Supt6h/Tra2a/Upf3b/Ythdc1",16,"brown"
"GO:0051983","regulation of chromosome segregation",0.0217391304347826,0.00530319262909792,0.151515151515152,4.09925340360123,6.05719488681074,3.40154591062156e-06,0.000548666091249778,0.000494216117805508,"Apc/Atm/Cdca2/Cdk5rap2/Cenpe/Cit/Hnrnpu/Knl1/Mki67/Ncapd3/Smc2/Smc5/Smc6/Tpr/Zfp207",15,"brown"
"GO:2000779","regulation of double-strand break repair",0.0217391304347826,0.00583886865223913,0.137614678899083,3.72317510969286,5.58602214466671,1.13987843552199e-05,0.0013003856422536,0.00117133454028604,"Abl1/Arid2/Dek/Ep400/Mbtd1/Ogg1/Parp1/Setd2/Smchd1/Spire1/Tex15/Top2b/Trrap/Ube2v2/Zcwpw1",15,"brown"
"GO:0001841","neural tube formation",0.0217391304347826,0.00701735590314977,0.114503816793893,3.09790906073681,4.72056196231689,0.000101283663399394,0.0055521862754395,0.00500118376211361,"Abl1/Abl2/Arid1a/Brd2/Coq7/Glmn/Hectd1/Kdm2a/Kif20b/Luzp1/Rara/Sec24b/Setd2/Stk4/Tsc1",15,"brown"
"GO:0046822","regulation of nucleocytoplasmic transport",0.0217391304347826,0.00728519391472038,0.110294117647059,2.98401534526854,4.54929873627142,0.000154719625705468,0.00796428707442416,0.00717390613669,"Ctdspl2/Ep300/Inpp4b/Ipo5/Iws1/Jup/Mapk14/Nf1/Ppp1r12a/Setd2/Supt6h/Thoc2/Tpr/Ubr5/Wnk1",15,"brown"
"GO:0034728","nucleosome organization",0.0202898550724638,0.0052496250267838,0.142857142857143,3.86501035196687,5.57088768297922,1.43871137686304e-05,0.00130255237015479,0.00117328624072597,"Arid1a/Arid2/Baz1a/Brd2/Chd1/Chd2/Kat6a/Kat6b/Nap1l1/Setd2/Smarcc2/Smarcd1/Supt6h/Ubn1",14,"brown"
"GO:0000018","regulation of DNA recombination",0.0202898550724638,0.00696378830083565,0.107692307692308,2.9136231884058,4.28931343916942,0.000325735568694978,0.0138881801561768,0.0125099082841708,"Abl1/Arid2/Atad5/Ep400/Lig3/Mbtd1/Parp1/Rad50/Setd2/Smchd1/Supt6h/Tex15/Trrap/Zcwpw1",14,"brown"
"GO:0051298","centrosome duplication",0.0188405797101449,0.00407113777587315,0.171052631578947,4.62784134248665,6.20844942319545,3.83274398914093e-06,0.000557862495798755,0.000502499865291363,"Alms1/Brca2/Brsk1/C2cd3/Ccp110/Cdk5rap2/Cep135/Cep192/Cep295/Chordc1/Mdm1/Poc1a/Usp33",13,"brown"
"GO:0035082","axoneme assembly",0.0188405797101449,0.00519605742446968,0.134020618556701,3.62593754669057,5.07976634178722,5.74345911105224e-05,0.00351349868228283,0.00316481682824114,"Bbof1/Cfap44/Cfap46/Cfap58/Cfap91/Dnah2/Dnah8/Fsip2/Hydin/Odad2/Spag17/Spef2/Ttll5",13,"brown"
"GO:0048024","regulation of mRNA splicing, via spliceosome",0.0188405797101449,0.00594600385686737,0.117117117117117,3.16861209035122,4.48932039431343,0.000230734897622296,0.0111946207225714,0.0100836594097003,"Celf1/Ddx17/Fmr1/Hnrnpu/Mbnl2/Ncl/Obi1/Rbm39/Son/Srrm1/Tra2a/Upf3b/Ythdc1",13,"brown"
"GO:1905515","non-motile cilium assembly",0.0173913043478261,0.00396400257124491,0.162162162162162,4.38730904817861,5.71972817503277,1.58620471863312e-05,0.00136640206476539,0.00123079945084916,"Ahi1/C2cd3/Cep126/Cep135/Cep290/Dync2h1/Ift140/Ift74/Intu/Kif3a/Pcm1/Poc1a",12,"brown"
"GO:0006405","RNA export from nucleus",0.0173913043478261,0.00407113777587315,0.157894736842105,4.27185354691076,5.5992352885462,2.09619335839018e-05,0.0016694400312764,0.00150376373594942,"Fmr1/Iws1/Nup160/Rbm33/Setd2/Ssb/Supt6h/Thoc2/Thoc2l/Tpr/Wnk1/Ythdc1",12,"brown"
"GO:0006304","DNA modification",0.0173913043478261,0.00423184058281551,0.151898734177215,4.10963126031921,5.42607192827274,3.12761998692412e-05,0.00216421048603389,0.00194943285466263,"Arid4a/Arid4b/Ascc3/Baz2a/Ctcf/Hells/Kmt2a/Kmt2e/Parp1/Smchd1/Tex15/Usp9x",12,"brown"
"GO:0044458","motile cilium assembly",0.0173913043478261,0.00423184058281551,0.151898734177215,4.10963126031921,5.42607192827274,3.12761998692412e-05,0.00216421048603389,0.00194943285466263,"Ahi1/Bbof1/Cep128/Cfap44/Cfap54/Cfap58/Fsip2/Intu/Kif3a/Spag17/Spef2/Ttll5",12,"brown"
"GO:0032465","regulation of cytokinesis",0.0173913043478261,0.00449967859438611,0.142857142857143,3.86501035196687,5.15569670607102,5.83203698261082e-05,0.00351671830051432,0.0031677169295023,"Ahctf1/Birc6/Brca2/Ccp110/Cit/Cspp1/Kif20b/Pik3r4/Prpf40a/Rab11fip3/Setd2/Wnk1",12,"brown"
"GO:2001251","negative regulation of chromosome organization",0.0173913043478261,0.00466038140132848,0.137931034482759,3.73173413293353,5.00327800448698,8.27614253918275e-05,0.00465781302105205,0.00419556868091622,"Apc/Atm/Cdk5rap2/Cenpe/Ctc1/Hnrnpu/Knl1/Parp1/Rad50/Smg6/Tpr/Zfp207",12,"brown"
"GO:0006354","DNA-templated transcription elongation",0.0173913043478261,0.00508892221984144,0.126315789473684,3.4174828375286,4.62780758877373,0.000194957745990792,0.00956879820729226,0.00861918455959293,"Brd4/Ccnt2/Ctr9/Hnrnpu/Iws1/Parp1/Pbrm1/Scaf8/Setd2/Setd5/Supt6h/Zfp326",12,"brown"
"GO:0031110","regulation of microtubule polymerization or depolymerization",0.0173913043478261,0.0052496250267838,0.122448979591837,3.31286601597161,4.49726710129054,0.000262012868009875,0.0118920033964482,0.0107118333814563,"Abl1/Akap9/Apc/Camsap1/Camsap2/Cdk5rap2/Dst/Eml4/Gba2/Map1b/Map2/Taok1",12,"brown"
"GO:0007044","cell-substrate junction assembly",0.0173913043478261,0.00530319262909792,0.121212121212121,3.27940272288098,4.45487500375869,0.000288325373537166,0.0128107515968461,0.0115394044234487,"Abl1/Dst/Fmn1/Iqgap1/Limch1/Macf1/Map4k4/Peak1/Ptk2/Rock1/Slk/Tsc1",12,"brown"
"GO:0072698","protein localization to microtubule cytoskeleton",0.0159420289855072,0.00321405613884723,0.183333333333333,4.96009661835749,6.01897694098639,1.06742015202675e-05,0.00128730870334426,0.00115955536514906,"Abl1/Apc/C2cd3/Cep192/Diaph1/Golgb1/Hnrnpu/Hook3/Kif20b/Pcm1/Rab11fip3",11,"brown"
"GO:0044380","protein localization to cytoskeleton",0.0159420289855072,0.00342832654810371,0.171875,4.65009057971015,5.730355750483,2.02530509095718e-05,0.00164400245940967,0.00148085060496707,"Abl1/Apc/C2cd3/Cep192/Diaph1/Golgb1/Hnrnpu/Hook3/Kif20b/Pcm1/Rab11fip3",11,"brown"
"GO:0051893","regulation of focal adhesion assembly",0.0159420289855072,0.00353546175273195,0.166666666666667,4.50917874396135,5.59485401221368,2.73577799272419e-05,0.00199098601849807,0.00179339929396003,"Abl1/Fmn1/Iqgap1/Limch1/Macf1/Map4k4/Peak1/Ptk2/Rock1/Slk/Tsc1",11,"brown"
"GO:0090109","regulation of cell-substrate junction assembly",0.0159420289855072,0.00353546175273195,0.166666666666667,4.50917874396135,5.59485401221368,2.73577799272419e-05,0.00199098601849807,0.00179339929396003,"Abl1/Fmn1/Iqgap1/Limch1/Macf1/Map4k4/Peak1/Ptk2/Rock1/Slk/Tsc1",11,"brown"
"GO:0150116","regulation of cell-substrate junction organization",0.0159420289855072,0.00380329976430255,0.154929577464789,4.19163094509083,5.278512047296,5.51657316030056e-05,0.00342433166318069,0.00308449880108446,"Abl1/Fmn1/Iqgap1/Limch1/Macf1/Map4k4/Peak1/Ptk2/Rock1/Slk/Tsc1",11,"brown"
"GO:1902275","regulation of chromatin organization",0.0144927536231884,0.00198200128562246,0.27027027027027,7.31218174696436,7.52927908410075,6.2850322710189e-07,0.00012632914864748,0.000113792163222658,"Baz1a/Hnrnpu/Kmt2a/Mki67/Phf8/Resf1/Setd5/Tasor/Tlk2/Tpr",10,"brown"
"GO:0051647","nucleus localization",0.0144927536231884,0.0023569745018213,0.227272727272727,6.14888010540184,6.6987497982266,3.54295401656059e-06,0.000548666091249778,0.000494216117805508,"Cdc42bpa/Dock7/Dync1h1/Fbxw11/Hook3/Myh10/Pcm1/Ptk2/Syne2/Tlk2",10,"brown"
"GO:0006406","mRNA export from nucleus",0.0144927536231884,0.0031604885365331,0.169491525423729,4.58560550233358,5.40403452036061,5.44259303922951e-05,0.00342433166318069,0.00308449880108446,"Fmr1/Iws1/Nup160/Setd2/Supt6h/Thoc2/Thoc2l/Tpr/Wnk1/Ythdc1",10,"brown"
"GO:2000781","positive regulation of double-strand break repair",0.0144927536231884,0.00353546175273195,0.151515151515152,4.09925340360123,4.94129014369643,0.00014486418371667,0.00754903357367982,0.00679986265866944,"Arid2/Ep400/Mbtd1/Parp1/Smchd1/Spire1/Top2b/Trrap/Ube2v2/Zcwpw1",10,"brown"
"GO:0007097","nuclear migration",0.0130434782608696,0.00187486608099421,0.257142857142857,6.95701863354037,6.910551531538,3.63957606135839e-06,0.000548666091249778,0.000494216117805508,"Cdc42bpa/Dock7/Dync1h1/Fbxw11/Hook3/Myh10/Pcm1/Ptk2/Syne2",9,"brown"
"GO:0006305","DNA alkylation",0.0130434782608696,0.0023569745018213,0.204545454545455,5.53399209486166,5.89877371561853,2.71358187214524e-05,0.00199098601849807,0.00179339929396003,"Arid4a/Arid4b/Baz2a/Ctcf/Hells/Kmt2a/Kmt2e/Smchd1/Tex15",9,"brown"
"GO:0006306","DNA methylation",0.0130434782608696,0.0023569745018213,0.204545454545455,5.53399209486166,5.89877371561853,2.71358187214524e-05,0.00199098601849807,0.00179339929396003,"Arid4a/Arid4b/Baz2a/Ctcf/Hells/Kmt2a/Kmt2e/Smchd1/Tex15",9,"brown"
"GO:0045773","positive regulation of axon extension",0.0130434782608696,0.00294621812727662,0.163636363636364,4.42719367588933,4.98658153917548,0.000169391647293622,0.00851193027650452,0.0076672008775008,"Adnp/Bmpr2/Cdkl5/Ep300/Golga4/Limk1/Macf1/Map1b/Megf8",9,"brown"
"GO:0031113","regulation of microtubule polymerization",0.0130434782608696,0.00310692093421898,0.155172413793103,4.19820089955023,4.77900706296168,0.000257063109659963,0.0117941672377685,0.0106237065456726,"Abl1/Akap9/Apc/Camsap1/Camsap2/Cdk5rap2/Gba2/Map1b/Map2",9,"brown"
"GO:0033047","regulation of mitotic sister chromatid segregation",0.0115942028985507,0.00257124491107778,0.166666666666667,4.50917874396135,4.76900075822014,0.000340846861683406,0.0143871460316566,0.0129593564673733,"Apc/Atm/Cdk5rap2/Cenpe/Hnrnpu/Knl1/Tpr/Zfp207",8,"brown"
"GO:0032239","regulation of nucleobase-containing compound transport",0.0101449275362319,0.000857081637025927,0.4375,11.8365942028986,8.49534889678748,7.81521816417971e-07,0.000144109439807025,0.000129807926927512,"Adora1/Iws1/Setd2/Supt6h/Thoc2/Tpr/Wnk1",7,"brown"
"GO:0051642","centrosome localization",0.0101449275362319,0.00187486608099421,0.2,5.41101449275362,5.11708034400062,0.000248935525314672,0.0115467785972882,0.0104008689119329,"Akap9/Aspm/Dlgap5/Pard3b/Ranbp2/Syne2/Tbccd1",7,"brown"
"GO:0007026","negative regulation of microtubule depolymerization",0.0101449275362319,0.00192843368330834,0.194444444444444,5.26070853462158,5.01296254572195,0.000299271416188639,0.0130229345127036,0.0117305301711705,"Apc/Camsap1/Camsap2/Eml4/Map1b/Map2/Taok1",7,"brown"
"GO:0061842","microtubule organizing center localization",0.0101449275362319,0.00192843368330834,0.194444444444444,5.26070853462158,5.01296254572195,0.000299271416188639,0.0130229345127036,0.0117305301711705,"Akap9/Aspm/Dlgap5/Pard3b/Ranbp2/Syne2/Tbccd1",7,"brown"
"GO:0046831","regulation of RNA export from nucleus",0.00869565217391304,0.000803514034711806,0.4,10.8220289855072,7.45527412725393,9.38326659985012e-06,0.00116490495052845,0.00104929903896776,"Iws1/Setd2/Supt6h/Thoc2/Tpr/Wnk1",6,"brown"
"GO:0045947","negative regulation of translational initiation",0.00869565217391304,0.00117848725091065,0.272727272727273,7.37865612648221,5.86460561006082,0.000112072348301702,0.00606483823309597,0.00546295981195343,"Ago2/Eif4ebp3/Fmr1/Gigyf2/Rara/Tpr",6,"brown"
"GO:0031445","regulation of heterochromatin formation",0.00869565217391304,0.00133919005785301,0.24,6.49321739130435,5.38430945013523,0.000241986502963303,0.0113491669889789,0.0102228684058883,"Baz1a/Kmt2a/Phf8/Resf1/Tasor/Tpr",6,"brown"
"GO:0120261","regulation of heterochromatin organization",0.00869565217391304,0.00133919005785301,0.24,6.49321739130435,5.38430945013523,0.000241986502963303,0.0113491669889789,0.0102228684058883,"Baz1a/Kmt2a/Phf8/Resf1/Tasor/Tpr",6,"brown"
"GO:0051984","positive regulation of chromosome segregation",0.00869565217391304,0.00139275766016713,0.230769230769231,6.24347826086957,5.24144478317925,0.000304824988225957,0.0131292477071609,0.0118262927762852,"Cenpe/Hnrnpu/Ncapd3/Smc2/Smc5/Smc6",6,"brown"
"GO:2000197","regulation of ribonucleoprotein complex localization",0.0072463768115942,0.000535676023141204,0.5,13.5275362318841,7.76290451253376,1.4680658371521e-05,0.00130255237015479,0.00117328624072597,"Iws1/Setd2/Supt6h/Thoc2/Wnk1",5,"brown"
"GO:0071166","ribonucleoprotein complex localization",0.0072463768115942,0.000589243625455325,0.454545454545455,12.2977602108037,7.34275285293292,2.6094893508624e-05,0.00199098601849807,0.00179339929396003,"Iws1/Setd2/Supt6h/Thoc2/Wnk1",5,"brown"
"GO:0044782","cilium organization",0.0554962646744931,0.0227126633811871,0.122641509433962,2.44340629467792,6.91117572720655,2.38084775953943e-09,7.84953904422379e-06,7.54768538717954e-06,"Actr2/Arl3/Armc12/Armc9/Atxn10/Aurka/Ccno/Cdc14b/Cep120/Cep19/Cep41/Cfap410/Cimap3/Csnk1d/Dctn1/Dnaaf1/Dnajb13/Dnm2/Drc1/Dzip1/Evi5l/Fam161a/Fhdc1/Ift172/Ift20/Ift70a2/Kctd17/Kif27/Kifap3/Mapk15/Marchf7/Neurl1/Nme8/Odf2/Pcnt/Ptpn23/Rabep2/Rfx2/Ropn1/Rsph9/Spaca9/Spata6/Ssna1/Tbc1d21/Tbc1d32/Tekt1/Tekt5/Tesk1/Tsga10ip/Ulk4/Wdr54/Yif1b",52,"blue"
"GO:0006914","autophagy",0.0512273212379936,0.0265695307478037,0.0967741935483871,1.92804764691707,4.81559763360391,1.05898093470035e-05,0.00430430510164689,0.00413878325015391,"Cdk16/Chmp1a/Chmp2a/Dcaf12/Dnm2/Eif4g2/Emc6/Fis1/Fkbp8/Foxk1/Gabarap/Gpr137/Gsk3a/Ift20/Ilrun/Keap1/Lgals8/Map1lc3a/Map1lc3b/Mapk15/Mapk3/Mfn2/Mtmr3/Nbr1/Optn/Pacs2/Park7/Pik3r2/Poldip2/Rab3gap1/Rnf166/Scoc/Sesn2/Sirt1/Sirt2/Spata33/Sptlc1/Stx12/Tbc1d14/Tbc1d5/Ubxn6/Ufc1/Usp20/Usp30/Vps39/Wipi2/Xbp1/Zfyve1",48,"blue"
"GO:0061919","process utilizing autophagic mechanism",0.0512273212379936,0.0265695307478037,0.0967741935483871,1.92804764691707,4.81559763360391,1.05898093470035e-05,0.00430430510164689,0.00413878325015391,"Cdk16/Chmp1a/Chmp2a/Dcaf12/Dnm2/Eif4g2/Emc6/Fis1/Fkbp8/Foxk1/Gabarap/Gpr137/Gsk3a/Ift20/Ilrun/Keap1/Lgals8/Map1lc3a/Map1lc3b/Mapk15/Mapk3/Mfn2/Mtmr3/Nbr1/Optn/Pacs2/Park7/Pik3r2/Poldip2/Rab3gap1/Rnf166/Scoc/Sesn2/Sirt1/Sirt2/Spata33/Sptlc1/Stx12/Tbc1d14/Tbc1d5/Ubxn6/Ufc1/Usp20/Usp30/Vps39/Wipi2/Xbp1/Zfyve1",48,"blue"
"GO:0006091","generation of precursor metabolites and energy",0.0490928495197439,0.0264088279408614,0.0933062880324544,1.85895601386324,4.4432179698273,4.00325638003126e-05,0.0107771805345073,0.0103627445607973,"Adh5/App/Arl2/Atp5f1d/Atp5mf/Bloc1s1/Crot/Dgat1/Etfb/Foxk1/Git1/Gsk3a/Idh3g/Ifnar1/Inpp5k/Mfn2/Mif/Mt3/Mtfr1/Mtfr1l/Ndufa12/Ndufa5/Ndufb9/Ndufs2/Ndufs8/Ndufv1/Ndufv2/Nnt/Nop53/Oxct2a/Park7/Pgam2/Phkg2/Por/Ppp1ca/Ppp1cc/Prkaca/Prkag2/Proca1/Stk40/Suclg2/Trap1/Uqcc2/Uqcc3/Uqcrc1/Uqcrq",46,"blue"
"GO:0060271","cilium assembly",0.048025613660619,0.0208377973001928,0.115681233933162,2.30473561906539,5.9780775865269,1.61736240520196e-07,0.000186441451259656,0.00017927185396607,"Actr2/Arl3/Armc12/Armc9/Atxn10/Ccno/Cdc14b/Cep120/Cep19/Cep41/Cfap410/Csnk1d/Dctn1/Dnaaf1/Dnajb13/Dnm2/Drc1/Dzip1/Evi5l/Fam161a/Fhdc1/Ift172/Ift20/Kctd17/Kif27/Mapk15/Marchf7/Neurl1/Nme8/Odf2/Pcnt/Ptpn23/Rabep2/Rfx2/Rsph9/Spaca9/Spata6/Tbc1d21/Tbc1d32/Tekt1/Tekt5/Tesk1/Ulk4/Wdr54/Yif1b",45,"blue"
"GO:0007281","germ cell development",0.048025613660619,0.0233554746089565,0.103211009174312,2.05628934820283,5.13037880994262,3.81476446109758e-06,0.00293164648835349,0.00281891015967421,"Actl9/Actl9b/Adrm1/Akap1/Armc12/Aurka/Cabyr/Catsperz/Cdc20/Cdyl/Cib1/Ddx25/Ddx4/Dzip1/Ercc1/Fscn3/Fxr1/Garin1a/Garin1b/Gsk3a/Hook1/Ica1l/Iqcf1/Iqcn/Jam3/Neurl1/Nme8/Odf2/Prkaca/Rfx2/Ropn1/Sbf1/Sirt2/Sppl2c/Sun5/Tbc1d20/Tbc1d21/Tnp2/Tssk1b/Tssk2/Tssk6/Txndc8/Ube2j1/Yif1b/Ythdf2",45,"blue"
"GO:0072594","establishment of protein localization to organelle",0.0469583778014941,0.024908935076066,0.0946236559139785,1.88520214365224,4.44363003085141,4.20709715075104e-05,0.0107771805345073,0.0103627445607973,"Akap1/Bag6/Cct7/Cct8/Eps15/Fam53b/Fis1/Get4/Grpel1/Gsk3a/Herpud1/Hspa1l/Kpnb1/Lmna/Mfn2/Mon1b/Ncoa4/Nup188/Pex16/Pex3/Pex5l/Pik3r2/Pkig/Pom121/Prkcd/Ptpn23/Rab3gap1/Rala/Romo1/Sec61a1/Sgta/Spcs1/Srp9/Srprb/Timm17a/Timm50/Tomm22/Ubl4b/Ubl5/Vps28/Vps53/Wrap53/Xbp1/Ywhaz",44,"blue"
"GO:0022613","ribonucleoprotein complex biogenesis",0.0458911419423693,0.0246410970644954,0.0934782608695652,1.8623822560438,4.30514764198333,6.78956833636621e-05,0.0136116085212976,0.0130881747518419,"Clp1/Ddx31/Ddx49/Ddx52/Ddx54/Dhx30/Eif1ax/Eif3b/Eif3h/Eif3k/Eif3l/Eri3/Exosc7/Gemin5/Glul/Grwd1/Gtf3a/Isg20l2/Lsm2/Mak16/Nob1/Nol7/Nop10/Nop16/Nop53/Npm1/Npm3/Nsa2/Nsun4/Nsun5/Pes1/Prmt5/Rbmxl1/Rpl14/Rpsa/Sf3a2/Sf3a3/Sirt7/Slx9/Tsr3/Wbp11/Xab2/Ythdf2",43,"blue"
"GO:0007018","microtubule-based movement",0.0426894343649947,0.0236233126205271,0.090702947845805,1.8070892533463,3.94297212481091,0.000226915366565954,0.0290640765343226,0.0279464188297017,"Actr2/Anxa5/App/Arl3/Armc12/Atp2b4/Bloc1s1/Catsperz/Ddx4/Dnaaf1/Dpcd/Drc1/Dzip1/Garin2/Ift172/Ift20/Ift70a2/Iqcf1/Kif27/Kif2c/Kifap3/Klc2/Klc4/Kpnb1/Ldhc/Neurl1/Nme8/Pltp/Prm3/Ropn1/Rsph9/Spata33/Ssna1/Tbc1d21/Tekt1/Tekt5/Tnp2/Uchl1/Ulk4/Yif1b",40,"blue"
"GO:0007286","spermatid development",0.0394877267876201,0.0133919005785301,0.148,2.94862753468517,7.13046823090101,3.40470138547985e-09,7.84953904422379e-06,7.54768538717954e-06,"Actl9/Actl9b/Adrm1/Armc12/Cabyr/Catsperz/Cdyl/Cib1/Ddx25/Dzip1/Fscn3/Fxr1/Garin1a/Garin1b/Hook1/Ica1l/Iqcf1/Iqcn/Jam3/Neurl1/Nme8/Odf2/Prkaca/Rfx2/Ropn1/Sbf1/Sppl2c/Sun5/Tbc1d20/Tbc1d21/Tnp2/Tssk1b/Tssk2/Tssk6/Txndc8/Ube2j1/Yif1b",37,"blue"
"GO:0048515","spermatid differentiation",0.0394877267876201,0.0139275766016713,0.142307692307692,2.83521878335112,6.85033264658888,1.00484894308467e-08,1.54445282552114e-05,1.48506096430618e-05,"Actl9/Actl9b/Adrm1/Armc12/Cabyr/Catsperz/Cdyl/Cib1/Ddx25/Dzip1/Fscn3/Fxr1/Garin1a/Garin1b/Hook1/Ica1l/Iqcf1/Iqcn/Jam3/Neurl1/Nme8/Odf2/Prkaca/Rfx2/Ropn1/Sbf1/Sppl2c/Sun5/Tbc1d20/Tbc1d21/Tnp2/Tssk1b/Tssk2/Tssk6/Txndc8/Ube2j1/Yif1b",37,"blue"
"GO:0042176","regulation of protein catabolic process",0.0394877267876201,0.0194986072423398,0.101648351648352,2.02515627382223,4.54054732325665,3.79222709658674e-05,0.0107771805345073,0.0103627445607973,"App/Aqp11/Asb9/Aurka/Azin2/Bag6/Btrc/Cdc20/Csnk1d/Dda1/Desi1/Eif3h/Gabarap/Gsk3a/Herpud1/Hspbp1/Mapk15/Marchf2/Marchf7/Nedd4l/Nop53/Nrdc/Oaz1/Odc1/Park7/Pin1/Prkaca/Psmc1/Psmc3/Psmc5/Psmf1/Sgta/Sh3rf2/Sirt2/Trim39/Vps28/Xbp1",37,"blue"
"GO:0043161","proteasome-mediated ubiquitin-dependent protein catabolic process",0.0394877267876201,0.0203556888793658,0.0973684210526316,1.93988653597708,4.25524494405511,9.37326985225742e-05,0.0152196769604303,0.0146344049943117,"Anapc5/Ankrd9/Aurka/Bag6/Btrc/Cdc20/Cdc34/Csnk1d/Dcaf12/Dda1/Desi1/Eif3h/Fbxw5/Fem1c/Gabarap/Gsk3a/Hspbp1/Kctd17/Klhdc1/Klhdc3/Nedd4l/Nop53/Park7/Psmc1/Psmc3/Psmc5/Psmf1/Rnf126/Rnf216/Sh3rf2/Sirt1/Sirt2/Trim39/Ube2s/Ubxn11/Usp44/Znrf4",37,"blue"
"GO:0015980","energy derivation by oxidation of organic compounds",0.0373532550693703,0.0182129847868009,0.102941176470588,2.05091342833825,4.49561701332607,4.70519291896422e-05,0.0108821009519593,0.0104636302685004,"Arl2/Atp5f1d/Atp5mf/Bloc1s1/Etfb/Gsk3a/Idh3g/Ifnar1/Inpp5k/Mfn2/Mt3/Mtfr1/Mtfr1l/Ndufa12/Ndufa5/Ndufb9/Ndufs2/Ndufs8/Ndufv1/Ndufv2/Nop53/Park7/Phkg2/Ppp1ca/Ppp1cc/Prkaca/Prkag2/Proca1/Stk40/Suclg2/Trap1/Uqcc2/Uqcc3/Uqcrc1/Uqcrq",35,"blue"
"GO:0007059","chromosome segregation",0.0373532550693703,0.0204092564816799,0.0918635170603675,1.83021145835959,3.76374700363298,0.000432690577079724,0.041565338560721,0.0399669454092061,"Actr2/Akap8/Anapc5/Ankrd53/Aurka/Bag6/Ccsap/Cdc20/Cenpn/Chmp1a/Chmp2a/Clasp1/Csnk1d/Dctn2/Haspin/Hjurp/Kif2c/Kpnb1/Mapk15/Mapre3/Ncaph/Ncaph2/Nudc/Poldip2/Ppp1r7/Rcc1/Rcc2/Sirt1/Sirt2/Sirt7/Syce1/Syce1l/Trappc12/Tubg1/Usp44",35,"blue"
"GO:0034504","protein localization to nucleus",0.0352187833511206,0.018695093207628,0.0945558739255014,1.88385171231725,3.83161340574189,0.00037423879263258,0.0383470016184184,0.0368723694635889,"Akap1/App/Arl2/Arl2bp/Cct7/Cct8/Dnajb6/Fam53b/Glul/Ilrun/Kpnb1/LOC120095693/Lmna/Lmnb2/Mcrs1/Mepce/Nop53/Npm1/Nup188/Park7/Pik3r2/Pin1/Pkig/Pom121/Prkcd/Rangap1/Sesn2/Sirt1/Tesk1/Tor1aip2/Wrap53/Xbp1/Ywhaz",33,"blue"
"GO:0016236","macroautophagy",0.0341515474919957,0.0147846582386972,0.115942028985507,2.30993148036441,5.0399831610886,9.33271797294378e-06,0.00430430510164689,0.00413878325015391,"Chmp1a/Chmp2a/Emc6/Gabarap/Gsk3a/Ift20/Ilrun/Lgals8/Map1lc3a/Map1lc3b/Mapk3/Mfn2/Mtmr3/Nbr1/Optn/Pacs2/Poldip2/Rab3gap1/Scoc/Sesn2/Sirt1/Spata33/Sptlc1/Stx12/Tbc1d14/Tbc1d5/Ubxn6/Ufc1/Usp30/Vps39/Wipi2/Zfyve1",32,"blue"
"GO:0042254","ribosome biogenesis",0.0330843116328709,0.0171416327405185,0.096875,1.9300560298826,3.85771536223673,0.000367510346145734,0.0383470016184184,0.0368723694635889,"Ddx31/Ddx49/Ddx52/Ddx54/Dhx30/Eif1ax/Eri3/Exosc7/Glul/Grwd1/Gtf3a/Isg20l2/Mak16/Nob1/Nol7/Nop10/Nop16/Nop53/Npm1/Npm3/Nsa2/Nsun4/Nsun5/Pes1/Rpl14/Rpsa/Sirt7/Slx9/Tsr3/Wbp11/Ythdf2",31,"blue"
"GO:0098813","nuclear chromosome segregation",0.0309498399146211,0.0155346046710949,0.1,1.9923159018143,3.91507666287963,0.000332681476248607,0.0365236734995792,0.0351191573423341,"Actr2/Akap8/Anapc5/Ankrd53/Aurka/Bag6/Ccsap/Cdc20/Chmp1a/Chmp2a/Clasp1/Dctn2/Haspin/Kif2c/Kpnb1/Mapk15/Ncaph/Ncaph2/Nudc/Poldip2/Rcc2/Sirt1/Sirt2/Sirt7/Syce1/Syce1l/Trappc12/Tubg1/Usp44",29,"blue"
"GO:0061136","regulation of proteasomal protein catabolic process",0.0288153681963714,0.0100707092350546,0.143617021276596,2.86130475260565,5.89638552984979,8.13201712734675e-07,0.000749934619483917,0.000721095918744937,"Aqp11/Aurka/Bag6/Btrc/Cdc20/Csnk1d/Dda1/Desi1/Eif3h/Gabarap/Gsk3a/Herpud1/Hspbp1/Marchf7/Nop53/Oaz1/Park7/Prkaca/Psmc1/Psmc3/Psmc5/Psmf1/Sgta/Sh3rf2/Sirt2/Trim39/Xbp1",27,"blue"
"GO:1903050","regulation of proteolysis involved in protein catabolic process",0.0288153681963714,0.0121062781229912,0.119469026548673,2.38020041367195,4.79880174656267,2.67894926391809e-05,0.0082350900372842,0.00791841003482315,"Aqp11/Aurka/Bag6/Btrc/Cdc20/Csnk1d/Dda1/Desi1/Eif3h/Gabarap/Gsk3a/Herpud1/Hspbp1/Marchf7/Nop53/Oaz1/Park7/Prkaca/Psmc1/Psmc3/Psmc5/Psmf1/Sgta/Sh3rf2/Sirt2/Trim39/Xbp1",27,"blue"
"GO:0045333","cellular respiration",0.0288153681963714,0.0131776301692736,0.109756097560976,2.18668818491814,4.30701344266989,0.000116599420860992,0.0168012477996886,0.0161551566008717,"Arl2/Atp5f1d/Atp5mf/Bloc1s1/Etfb/Idh3g/Ifnar1/Mfn2/Mtfr1/Mtfr1l/Ndufa12/Ndufa5/Ndufb9/Ndufs2/Ndufs8/Ndufv1/Ndufv2/Nop53/Park7/Prkaca/Proca1/Suclg2/Trap1/Uqcc2/Uqcc3/Uqcrc1/Uqcrq",27,"blue"
"GO:0003341","cilium movement",0.0277481323372465,0.0123205485322477,0.11304347826087,2.2521831933553,4.39253597848078,9.54708150718948e-05,0.0152196769604303,0.0146344049943117,"Anxa5/Armc12/Atp2b4/Catsperz/Ddx4/Dnaaf1/Dpcd/Drc1/Dzip1/Garin2/Iqcf1/Kif27/Ldhc/Neurl1/Nme8/Pltp/Prm3/Ropn1/Rsph9/Spata33/Tbc1d21/Tekt1/Tekt5/Tnp2/Ulk4/Yif1b",26,"blue"
"GO:0045732","positive regulation of protein catabolic process",0.0266808964781217,0.0107670880651382,0.124378109452736,2.47800485300286,4.84301883933708,2.6705018499479e-05,0.0082350900372842,0.00791841003482315,"App/Asb9/Aurka/Bag6/Cdc20/Csnk1d/Dda1/Gabarap/Gsk3a/Herpud1/Hspbp1/Mapk15/Marchf2/Nedd4l/Nop53/Nrdc/Oaz1/Psmc1/Psmc3/Psmc5/Sgta/Sh3rf2/Sirt2/Vps28/Xbp1",25,"blue"
"GO:0045862","positive regulation of proteolysis",0.0266808964781217,0.0124276837368759,0.107758620689655,2.14689213557576,4.04085867526212,0.000273103659308334,0.0323965296718282,0.0311507226375693,"App/Asph/Aurka/Bag6/Btrc/Cdc20/Csnk1d/Dda1/Gabarap/Gsk3a/Herpud1/Hip1/Hspbp1/Nop53/Nrdc/Oaz1/Psmc1/Psmc3/Psmc5/Sgta/Sh3rf2/Sirt2/Timm17a/Tnp2/Xbp1",25,"blue"
"GO:0007051","spindle organization",0.0256136606189968,0.0104992500535676,0.122448979591837,2.43957049201751,4.6574098357525,4.95606419412591e-05,0.0108821009519593,0.0104636302685004,"Ankrd53/Aurka/Ccsap/Cdc20/Cep120/Chmp1a/Chmp2a/Clasp1/Csnk1d/Dctn1/Dctn2/Eml1/Fam110a/Kpnb1/Mapk15/Mapre3/Nudc/Pcnt/Poldip2/Ptpa/Rcc1/Tbce/Trim36/Tubg1",24,"blue"
"GO:0009566","fertilization",0.0256136606189968,0.011142061281337,0.115384615384615,2.29882604055496,4.33019297145981,0.000127282506909141,0.0177848375563045,0.0171009224593716,"Actl9/Actl9b/Adam32/Adam5/Atp8b3/C1h16orf92/Cct7/Cct8/Dkkl1/Fam170a/Frey1/Garin1b/Hspa1l/Iqcf1/Izumo1/Lyzl4/Park7/Plb1/Spa17/Spaca4/Spata33/Tnp2/Trim36/Vdac2",24,"blue"
"GO:0001539","cilium or flagellum-dependent cell motility",0.0245464247598719,0.0102849796443111,0.119791666666667,2.38662842404838,4.43963411829491,9.90219711153566e-05,0.0152196769604303,0.0146344049943117,"Anxa5/Armc12/Atp2b4/Catsperz/Ddx4/Dpcd/Drc1/Dzip1/Garin2/Iqcf1/Ldhc/Neurl1/Nme8/Pltp/Prm3/Ropn1/Rsph9/Spata33/Tbc1d21/Tekt1/Tekt5/Tnp2/Yif1b",23,"blue"
"GO:0006457","protein folding",0.0245464247598719,0.0102849796443111,0.119791666666667,2.38662842404838,4.43963411829491,9.90219711153566e-05,0.0152196769604303,0.0146344049943117,"Arl2/Bag1/Calr3/Cct7/Cct8/Cct8l2/Dnaja4/Dnajb13/Dnajb6/Dnajb8/Fkbp6/Fkbp8/Grpel1/Hspa1l/Hspa4l/Nudc/Nudcd2/Pfdn5/Sgta/Tbcc/Tbce/Trap1/Ttc4",23,"blue"
"GO:0060285","cilium-dependent cell motility",0.0245464247598719,0.0102849796443111,0.119791666666667,2.38662842404838,4.43963411829491,9.90219711153566e-05,0.0152196769604303,0.0146344049943117,"Anxa5/Armc12/Atp2b4/Catsperz/Ddx4/Dpcd/Drc1/Dzip1/Garin2/Iqcf1/Ldhc/Neurl1/Nme8/Pltp/Prm3/Ropn1/Rsph9/Spata33/Tbc1d21/Tekt1/Tekt5/Tnp2/Yif1b",23,"blue"
"GO:0060294","cilium movement involved in cell motility",0.0234791889007471,0.0099635740304264,0.118279569892473,2.3565026795653,4.27408435595753,0.000167423809937994,0.022056891074974,0.0212086943596641,"Anxa5/Armc12/Atp2b4/Catsperz/Ddx4/Dpcd/Dzip1/Garin2/Iqcf1/Ldhc/Neurl1/Nme8/Pltp/Prm3/Ropn1/Rsph9/Spata33/Tbc1d21/Tekt1/Tekt5/Tnp2/Yif1b",22,"blue"
"GO:0009060","aerobic respiration",0.0234791889007471,0.0104992500535676,0.112244897959184,2.23627295101605,3.99968590191615,0.000353377767160032,0.0378936019622071,0.0364364052699646,"Arl2/Atp5f1d/Atp5mf/Bloc1s1/Idh3g/Mfn2/Mtfr1/Mtfr1l/Ndufa12/Ndufb9/Ndufs2/Ndufs8/Ndufv1/Ndufv2/Nop53/Park7/Proca1/Suclg2/Uqcc2/Uqcc3/Uqcrc1/Uqcrq",22,"blue"
"GO:0007338","single fertilization",0.0224119530416222,0.00851724876794515,0.132075471698113,2.63136062503776,4.74894898854069,4.7646131851761e-05,0.0108821009519593,0.0104636302685004,"Actl9b/Adam32/Adam5/Atp8b3/C1h16orf92/Cct7/Cct8/Dkkl1/Frey1/Garin1b/Hspa1l/Iqcf1/Izumo1/Lyzl4/Park7/Plb1/Spa17/Spaca4/Tnp2/Trim36/Vdac2",21,"blue"
"GO:1900180","regulation of protein localization to nucleus",0.0224119530416222,0.00921362759802871,0.122093023255814,2.43247871733141,4.3386432141291,0.000149483558268578,0.0202726084463651,0.0194930262361378,"Akap1/App/Cct7/Cct8/Glul/Ilrun/LOC120095693/Lmna/Mcrs1/Mepce/Npm1/Park7/Pik3r2/Pin1/Pkig/Prkcd/Sesn2/Sirt1/Tesk1/Xbp1/Ywhaz",21,"blue"
"GO:1902850","microtubule cytoskeleton organization involved in mitosis",0.0213447171824973,0.00824941075637455,0.12987012987013,2.58742324910948,4.54719325049561,9.0782356801979e-05,0.0152196769604303,0.0146344049943117,"Ankrd53/Arhgef2/Aurka/Ccsap/Cdc20/Chmp1a/Chmp2a/Clasp1/Dctn1/Dctn2/Eml1/Fam110a/Kpnb1/Nudc/Pcnt/Poldip2/Ptpa/Rcc1/Tbce/Tubg1",20,"blue"
"GO:0030317","flagellated sperm motility",0.0213447171824973,0.00899935718877223,0.119047619047619,2.37180464501702,4.10583497632161,0.000298672899806655,0.0335897741709387,0.0322980809752409,"Anxa5/Armc12/Atp2b4/Catsperz/Ddx4/Dpcd/Dzip1/Garin2/Iqcf1/Ldhc/Neurl1/Nme8/Pltp/Prm3/Ropn1/Spata33/Tbc1d21/Tekt5/Tnp2/Yif1b",20,"blue"
"GO:0097722","sperm motility",0.0213447171824973,0.00899935718877223,0.119047619047619,2.37180464501702,4.10583497632161,0.000298672899806655,0.0335897741709387,0.0322980809752409,"Anxa5/Armc12/Atp2b4/Catsperz/Ddx4/Dpcd/Dzip1/Garin2/Iqcf1/Ldhc/Neurl1/Nme8/Pltp/Prm3/Ropn1/Spata33/Tbc1d21/Tekt5/Tnp2/Yif1b",20,"blue"
"GO:0007052","mitotic spindle organization",0.0202774813233725,0.00648167988000857,0.15702479338843,3.12842992846874,5.3995261708902,9.23098417997314e-06,0.00430430510164689,0.00413878325015391,"Ankrd53/Aurka/Ccsap/Cdc20/Chmp1a/Chmp2a/Clasp1/Dctn1/Dctn2/Eml1/Fam110a/Kpnb1/Nudc/Pcnt/Poldip2/Ptpa/Rcc1/Tbce/Tubg1",19,"blue"
"GO:1901800","positive regulation of proteasomal protein catabolic process",0.0192102454642476,0.00573173344761089,0.168224299065421,3.35155946099602,5.60773667974178,5.88004680391203e-06,0.00387327083040548,0.00372432438166578,"Aurka/Bag6/Cdc20/Csnk1d/Dda1/Gabarap/Gsk3a/Herpud1/Hspbp1/Nop53/Oaz1/Psmc1/Psmc3/Psmc5/Sgta/Sh3rf2/Sirt2/Xbp1",18,"blue"
"GO:1903052","positive regulation of proteolysis involved in protein catabolic process",0.0192102454642476,0.00674951789157917,0.142857142857143,2.84616557402043,4.77989192043424,5.77879641863554e-05,0.0121118319483311,0.0116460720168866,"Aurka/Bag6/Cdc20/Csnk1d/Dda1/Gabarap/Gsk3a/Herpud1/Hspbp1/Nop53/Oaz1/Psmc1/Psmc3/Psmc5/Sgta/Sh3rf2/Sirt2/Xbp1",18,"blue"
"GO:0007030","Golgi organization",0.0181430096051227,0.00717805871009214,0.126865671641791,2.52756495006292,4.07950950231508,0.000394098420169372,0.0395040829434995,0.0379849552803981,"Atl3/Atp8b3/Clasp1/Cog1/Csnk1d/Dnm2/Fhdc1/Golph3/Hook1/Mapk3/Nploc4/Optn/Prmt5/Tbc1d20/Trappc12/Usp6nl/Ywhaz",17,"blue"
"GO:0009988","cell-cell recognition",0.0138740661686233,0.00412470537818727,0.168831168831169,3.36365022384233,4.77768641082102,0.000109419670346714,0.0162752935473774,0.0156494278947491,"Adam32/Adam5/Atp8b3/Cct7/Cct8/Frey1/Git1/Hspa1l/Izumo1/Spa17/Spaca4/Tnp2/Vdac2",13,"blue"
"GO:0035036","sperm-egg recognition",0.0128068303094984,0.00310692093421898,0.206896551724138,4.12203290030545,5.47417566728707,2.5035365115088e-05,0.0082350900372842,0.00791841003482315,"Adam32/Adam5/Atp8b3/Cct7/Cct8/Frey1/Hspa1l/Izumo1/Spa17/Spaca4/Tnp2/Vdac2",12,"blue"
"GO:0035303","regulation of dephosphorylation",0.0117395944503735,0.00358902935504607,0.164179104477612,3.27096640596378,4.28075535934294,0.000467335679223916,0.0436558044879892,0.0419770225669533,"Akap1/Arpp19/Inpp5k/Mtmr1/Mtmr3/Pin1/Ppp1r7/Ppp6r2/Prkcd/Ptpa/Smg5",11,"blue"
"GO:0072599","establishment of protein localization to endoplasmic reticulum",0.0096051227321238,0.00230340689950718,0.209302325581395,4.16996351542528,4.78388570526643,0.000234526221545908,0.0292270380418428,0.0281031136600673,"Bag6/Get4/Herpud1/Rab3gap1/Sec61a1/Sgta/Spcs1/Srp9/Srprb",9,"blue"
"GO:0007339","binding of sperm to zona pellucida",0.0096051227321238,0.00251767730876366,0.191489361702128,3.81507300347419,4.44198957660568,0.000473387600173381,0.0436558044879892,0.0419770225669533,"Adam32/Adam5/Atp8b3/Cct7/Cct8/Hspa1l/Spa17/Tnp2/Vdac2",9,"blue"
"GO:0001675","acrosome assembly",0.00853788687299893,0.00187486608099421,0.228571428571429,4.55386491843269,4.83764494853618,0.000274010986163804,0.0323965296718282,0.0311507226375693,"Actl9/Actl9b/Garin1a/Garin1b/Rfx2/Sppl2c/Tbc1d20/Txndc8",8,"blue"
"GO:1902166","negative regulation of intrinsic apoptotic signaling pathway in response to DNA damage by p53 class mediator",0.0064034151547492,0.000642811227769445,0.5,9.96157950907151,7.13849012477661,1.12018350075391e-05,0.00430430510164689,0.00413878325015391,"Bcl2l12/Marchf7/Mif/Muc1/Sirt1/Zfp385a",6,"blue"
"GO:1902165","regulation of intrinsic apoptotic signaling pathway in response to DNA damage by p53 class mediator",0.0064034151547492,0.000857081637025927,0.375,7.47118463180363,5.95280317594055,8.16118677978967e-05,0.0152196769604303,0.0146344049943117,"Bcl2l12/Marchf7/Mif/Muc1/Sirt1/Zfp385a",6,"blue"
"GO:1990173","protein localization to nucleoplasm",0.00533617929562433,0.000749946432397686,0.357142857142857,7.11541393505108,5.26192113242619,0.000431470256429825,0.041565338560721,0.0399669454092061,"Cct7/Cct8/Mepce/Nop53/Wrap53",5,"blue"
"GO:0006091","generation of precursor metabolites and energy",0.0522388059701493,0.0264088279408614,0.0993914807302231,1.97808119645182,5.06227197968855,4.25360630634445e-06,0.00124176946769882,0.00119787523560423,"Afg1l/Aifm2/Aldoart2/Atp5f1a/Atp5f1b/Atp5f1e/Atp5me/Atp5mg/Atp5po/Bpgm/Cdk1/Chchd10/Ciapin1/Col6a1/Cox4i1/Cox5a/Cox5b/Cox6a1/Cox6b2/Cox7a2/Cox7a2l/Cox7b/Cox7b2/Cox7c/Cox8a/Cox8c/Dlat/Dnajc15/Eif6/Eno1/Fbp1/Foxk2/Galk1/Gapdh/Gapdhs/LOC120101654/Lyrm7/Mtch2/Ndufb6/Ndufb8/Ndufs7/Pgk2/Pink1/Pomc/Sdhaf2/Tp53/Tpi1/Uqcr10/Uqcrfs1",49,"turquoise"
"GO:0022613","ribonucleoprotein complex biogenesis",0.0490405117270789,0.0246410970644954,0.1,1.99019189765458,4.94596999044406,7.10657350628953e-06,0.00194498033650261,0.00187622891320657,"Bop1/Ddx28/Eif2s2/Eif3c/Eif3d/Eif3g/Eif4a3/Eif6/Eral1/Fau/Imp4/Malsu1/Mettl5/Mrm3/Mrpl20/Nhp2/Pih1d2/Pop4/Prmt7/Ran/Retreg1/Rpl11/Rpl26/Rpl35/Rpl38/Rpl7/Rplp0/Rps10/Rps12/Rps15/Rps15a/Rps16/Rps17/Rps21/Rps27/Rps27a/Rps28/Rps5/Rsl24d1/Snrpb/Snrpd2/Srsf12/Tbl3/Trmt112/Wdr18/Wdr46",46,"turquoise"
"GO:0007018","microtubule-based movement",0.046908315565032,0.0236233126205271,0.0997732426303855,1.98567899085718,4.81816327483071,1.18542655969429e-05,0.00247189662138156,0.00238451969125472,"Akap4/Arl8b/Cabs1/Catsperd/Ccdc103/Cdc42/Cfap20/Cfap52/Cln3/Clxn/Copg1/Dync2li1/Dynll1/Dynlt2/Dynlt2b/Dynlt3/Efcab9/Gapdhs/Hsbp1/Hspb1/Ift27/Ift46/Insl6/Kif18b/Lamp1/Nme5/Pafah1b1/Pgk2/Pierce1/Rab1a/Ropn1l/Slc9b1/Smcp/Snapin/Sord/Spmip10/Ssx2ip/Tekt3/Tekt4/Tnp1/Tppp2/Ttll1/Ube2b/Vdac3",44,"turquoise"
"GO:0007281","germ cell development",0.0437100213219616,0.0233554746089565,0.0940366972477064,1.87151072944582,4.23528989340507,8.93423192918077e-05,0.015649200647153,0.0150960306239168,"Actl7a/Akap4/Brdt/Capza3/Catsperd/Ccdc136/Cdk1/Cdk7/Cyp51/Dmrtb1/Dynll1/Efcab9/Galntl5/Gapdhs/Hils1/Hspa2/Insl6/Klhl10/Nme5/Pafah1b1/Pebp1/Pithd1/Ppp2r2b/Prkar1a/Prkar2a/Prm1/Prm2/Prmt7/Ran/Rec8/Ropn1l/Spdya/Sufu/Tmsb10/Tnp1/Trim28/Ttll1/Ube2b/Vdac3/Ybx2/Zpbp2",41,"turquoise"
"GO:0042254","ribosome biogenesis",0.0405117270788913,0.0171416327405185,0.11875,2.36335287846482,5.65813386256674,7.9228628557126e-07,0.000315401967683323,0.00030425309703325,"Bop1/Ddx28/Eif4a3/Eif6/Eral1/Fau/Imp4/Malsu1/Mettl5/Mrm3/Mrpl20/Nhp2/Pih1d2/Pop4/Ran/Retreg1/Rpl11/Rpl26/Rpl35/Rpl38/Rpl7/Rplp0/Rps10/Rps12/Rps15/Rps15a/Rps16/Rps17/Rps21/Rps27/Rps27a/Rps28/Rps5/Rsl24d1/Tbl3/Trmt112/Wdr18/Wdr46",38,"turquoise"
"GO:0015980","energy derivation by oxidation of organic compounds",0.0394456289978678,0.0182129847868009,0.108823529411765,2.16579706509469,4.98986956351984,8.59831556274709e-06,0.00215191269914344,0.00207584660320492,"Afg1l/Aifm2/Atp5f1a/Atp5f1b/Atp5f1e/Atp5me/Atp5mg/Atp5po/Cdk1/Chchd10/Col6a1/Cox4i1/Cox5a/Cox5b/Cox6a1/Cox6b2/Cox7a2/Cox7a2l/Cox7b/Cox7b2/Cox7c/Cox8a/Cox8c/Dlat/Dnajc15/LOC120101654/Lyrm7/Mtch2/Ndufb6/Ndufb8/Ndufs7/Pink1/Pomc/Sdhaf2/Tp53/Uqcr10/Uqcrfs1",37,"turquoise"
"GO:0045333","cellular respiration",0.0373134328358209,0.0131776301692736,0.142276422764228,2.83157383812644,6.65132105122932,2.59336492635178e-08,1.4195431265618e-05,1.36936492755917e-05,"Afg1l/Aifm2/Atp5f1a/Atp5f1b/Atp5f1e/Atp5me/Atp5mg/Atp5po/Cdk1/Chchd10/Col6a1/Cox4i1/Cox5a/Cox5b/Cox6a1/Cox6b2/Cox7a2/Cox7a2l/Cox7b/Cox7b2/Cox7c/Cox8a/Cox8c/Dlat/Dnajc15/LOC120101654/Lyrm7/Mtch2/Ndufb6/Ndufb8/Ndufs7/Pink1/Sdhaf2/Uqcr10/Uqcrfs1",35,"turquoise"
"GO:0009060","aerobic respiration",0.035181236673774,0.0104992500535676,0.168367346938776,3.35083329707149,7.609869763655,8.87670550109611e-10,6.47851556488331e-07,6.24951213612258e-07,"Afg1l/Atp5f1a/Atp5f1b/Atp5f1e/Atp5me/Atp5mg/Atp5po/Cdk1/Chchd10/Col6a1/Cox4i1/Cox5a/Cox5b/Cox6a1/Cox6b2/Cox7a2/Cox7a2l/Cox7b/Cox7b2/Cox7c/Cox8a/Cox8c/Dlat/Dnajc15/LOC120101654/Mtch2/Ndufb6/Ndufb8/Ndufs7/Pink1/Sdhaf2/Uqcr10/Uqcrfs1",33,"turquoise"
"GO:0048515","spermatid differentiation",0.0341151385927505,0.0139275766016713,0.123076923076923,2.44946695095949,5.41347335851255,2.70081205017744e-06,0.000909758151363616,0.000877599899381544,"Actl7a/Akap4/Brdt/Bscl2/Capza3/Catsperd/Ccdc136/Dynll1/Efcab9/Galntl5/Gapdhs/Hspa2/Insl6/Klhl10/Nme5/Pafah1b1/Pebp1/Pithd1/Ppp2r2b/Prm1/Prm2/Ran/Rec8/Ropn1l/Sufu/Tmsb10/Tnp1/Ttll1/Ube2b/Vdac3/Ybx2/Zpbp2",32,"turquoise"
"GO:0048193","Golgi vesicle transport",0.0341151385927505,0.0147310906363831,0.116363636363636,2.31585966272533,5.05631300495252,8.84549636551312e-06,0.00215191269914344,0.00207584660320492,"Arf4/Arfgef2/Cln3/Cog6/Cope/Copg1/Cul3/Cyth3/Ergic3/Gosr2/Klhl12/Lamp1/Nbas/Rab1a/Rab31/Rab8a/Rabif/Rangrf/Rer1/Rp2/Sar1a/Snx3/Stx18/Stx5/Sys1/Tmem115/Trappc4/Trappc5/Use1/Vapa/Vps35l/Zw10",32,"turquoise"
"GO:0031647","regulation of protein stability",0.0341151385927505,0.0167666595243197,0.10223642172524,2.03470098162769,4.24613844879668,0.000113595696276108,0.0177655554997527,0.0171375762840609,"Atp1b3/Bag2/Bag5/Cct2/Cct4/Cct5/Cdk7/Chfr/Cul3/Ddi1/Ddost/Derl1/Dnaja3/Gapdh/Gipc1/Gsn/Hdac3/Lamp1/Pdcd10/Phb1/Pink1/Ppib/Rassf2/Rnf5/Rpl11/Serf2/Sh3glb1/Tmem183a/Tp53/Ube2b/Usp2/Zswim7",32,"turquoise"
"GO:0007286","spermatid development",0.0330490405117271,0.0133919005785301,0.124,2.46783795309168,5.37416749677911,3.29371870718779e-06,0.00103022815848395,0.000993811516687563,"Actl7a/Akap4/Brdt/Capza3/Catsperd/Ccdc136/Dynll1/Efcab9/Galntl5/Gapdhs/Hspa2/Insl6/Klhl10/Nme5/Pafah1b1/Pebp1/Pithd1/Ppp2r2b/Prm1/Prm2/Ran/Rec8/Ropn1l/Sufu/Tmsb10/Tnp1/Ttll1/Ube2b/Vdac3/Ybx2/Zpbp2",31,"turquoise"
"GO:0006119","oxidative phosphorylation",0.0319829424307036,0.00771373473323334,0.208333333333333,4.14623312011372,8.71744214020253,2.31647918337133e-11,1.0143862343983e-07,9.78529575038856e-08,"Afg1l/Atp5f1a/Atp5f1b/Atp5f1e/Atp5me/Atp5mg/Atp5po/Cdk1/Chchd10/Cox4i1/Cox5a/Cox5b/Cox6a1/Cox6b2/Cox7a2/Cox7a2l/Cox7b/Cox7b2/Cox7c/Cox8a/Cox8c/Dnajc15/Mtch2/Ndufb6/Ndufb8/Ndufs7/Pink1/Sdhaf2/Uqcr10/Uqcrfs1",30,"turquoise"
"GO:0009144","purine nucleoside triphosphate metabolic process",0.0287846481876333,0.0128562245553889,0.1125,2.23896588486141,4.44334650765882,7.8085086789215e-05,0.0142472747937489,0.0137436602318035,"Adk/Aldoart2/Atp5f1a/Atp5f1b/Atp5f1e/Atp5mc1/Atp5mc3/Atp5me/Atp5mg/Atp5po/Bpgm/Col6a1/Eif6/Eno1/Fbp1/Foxk2/Galk1/Gapdh/Gapdhs/Guk1/Mtch2/Nme2/Nme5/Nme6/Pgk2/Ran/Tpi1",27,"turquoise"
"GO:0009141","nucleoside triphosphate metabolic process",0.0287846481876333,0.0137133061924148,0.10546875,2.09903051705757,4.07252319426352,0.000229195713582034,0.0266862163162123,0.0257429083970049,"Adk/Aldoart2/Atp5f1a/Atp5f1b/Atp5f1e/Atp5mc1/Atp5mc3/Atp5me/Atp5mg/Atp5po/Bpgm/Col6a1/Eif6/Eno1/Fbp1/Foxk2/Galk1/Gapdh/Gapdhs/Guk1/Mtch2/Nme2/Nme5/Nme6/Pgk2/Ran/Tpi1",27,"turquoise"
"GO:0016072","rRNA metabolic process",0.0277185501066098,0.0130169273623313,0.106995884773663,2.12942342958927,4.0760593265003,0.000236724498725386,0.0266862163162123,0.0257429083970049,"Bop1/Eif4a3/Eif6/Imp4/Mettl5/Mrm3/Nhp2/Pih1d2/Polr2e/Pop4/Rpl11/Rpl26/Rpl35/Rpl7/Rps15/Rps16/Rps17/Rps21/Rps27/Rps28/Smarcb1/Tbl3/Tp53/Trmt112/Wdr18/Wdr46",26,"turquoise"
"GO:0003341","cilium movement",0.0266524520255864,0.0123205485322477,0.108695652173913,2.16325206266803,4.08286630584547,0.000242871387692659,0.0266862163162123,0.0257429083970049,"Akap4/Cabs1/Catsperd/Ccdc103/Cfap20/Cfap52/Clxn/Efcab9/Gapdhs/Insl6/Nme5/Pgk2/Pierce1/Ropn1l/Slc9b1/Smcp/Sord/Spmip10/Tekt3/Tekt4/Tnp1/Tppp2/Ttll1/Ube2b/Vdac3",25,"turquoise"
"GO:0009205","purine ribonucleoside triphosphate metabolic process",0.0266524520255864,0.0124276837368759,0.107758620689655,2.14460333798985,4.03505971222273,0.000277513971871302,0.0270051929516541,0.0260506098039658,"Aldoart2/Atp5f1a/Atp5f1b/Atp5f1e/Atp5mc1/Atp5mc3/Atp5me/Atp5mg/Atp5po/Bpgm/Col6a1/Eif6/Eno1/Fbp1/Foxk2/Galk1/Gapdh/Gapdhs/Mtch2/Nme2/Nme5/Nme6/Pgk2/Ran/Tpi1",25,"turquoise"
"GO:0009199","ribonucleoside triphosphate metabolic process",0.0266524520255864,0.0128026569530748,0.104602510460251,2.08179068792321,3.87146751307035,0.000435574349527368,0.0373996093447126,0.0360776029856208,"Aldoart2/Atp5f1a/Atp5f1b/Atp5f1e/Atp5mc1/Atp5mc3/Atp5me/Atp5mg/Atp5po/Bpgm/Col6a1/Eif6/Eno1/Fbp1/Foxk2/Galk1/Gapdh/Gapdhs/Mtch2/Nme2/Nme5/Nme6/Pgk2/Ran/Tpi1",25,"turquoise"
"GO:0022900","electron transport chain",0.0255863539445629,0.00755303192629098,0.170212765957447,3.38756067685887,6.54554387268495,1.40406715668297e-07,6.83156675457192e-05,6.59008362546054e-05,"Afg1l/Aifm2/Cdk1/Ciapin1/Cox4i1/Cox5a/Cox5b/Cox6a1/Cox7a2/Cox7a2l/Cox7b/Cox7b2/Cox7c/Cox8a/Cox8c/Dnajc15/Mtch2/Ndufb6/Ndufb8/Ndufs7/Pink1/Sdhaf2/Uqcr10/Uqcrfs1",24,"turquoise"
"GO:0009566","fertilization",0.0255863539445629,0.011142061281337,0.115384615384615,2.29637526652452,4.32444990771673,0.000129354865718261,0.0188814985660089,0.0182140728465748,"Actl7a/Adam2/Arsa/Ccdc136/Cct2/Cct4/Cct5/Col6a1/Crkl/Folr1/Insl6/Klhl10/Llcfc1/Lyzl6/Mfge8/Pithd1/Pla2g10/Ppp3r2/Prss37/Rec8/Smcp/Tmem95/Ybx3/Zpbp2",24,"turquoise"
"GO:0022904","respiratory electron transport chain",0.0245202558635394,0.00610670666380973,0.201754385964912,4.01529944263644,7.42759836743693,9.44918531092304e-09,5.91114035379029e-06,5.70219257935852e-06,"Afg1l/Aifm2/Cdk1/Cox4i1/Cox5a/Cox5b/Cox6a1/Cox7a2/Cox7a2l/Cox7b/Cox7b2/Cox7c/Cox8a/Cox8c/Dnajc15/Mtch2/Ndufb6/Ndufb8/Ndufs7/Pink1/Sdhaf2/Uqcr10/Uqcrfs1",23,"turquoise"
"GO:0006839","mitochondrial transport",0.0245202558635394,0.00958860081422755,0.128491620111732,2.5572298126288,4.81511682985032,3.35595931380804e-05,0.00667988447052973,0.00644376302694338,"Chchd10/Col6a1/Crym/Dnajc15/Ghitm/Maip1/Micu1/Mpc2/Mtch2/Mtx2/Ndufa13/Pam16/Pink1/Pmaip1/Siva1/Slc25a2/Slc25a26/Slc25a39/Slc41a3/Timm44/Tp53/Trmt10b/Vdac1",23,"turquoise"
"GO:0006364","rRNA processing",0.0245202558635394,0.0109277908720806,0.112745098039216,2.24384380617919,4.10868031190709,0.000249432575336415,0.0266862163162123,0.0257429083970049,"Bop1/Eif4a3/Eif6/Imp4/Mettl5/Mrm3/Nhp2/Pih1d2/Pop4/Rpl11/Rpl26/Rpl35/Rpl7/Rps15/Rps16/Rps17/Rps21/Rps27/Rps28/Tbl3/Trmt112/Wdr18/Wdr46",23,"turquoise"
"GO:0042775","mitochondrial ATP synthesis coupled electron transport",0.023454157782516,0.00476751660595672,0.247191011235955,4.91957547734841,8.52525116914054,3.37932523848033e-10,5.44890578518112e-07,5.25629713968146e-07,"Afg1l/Cdk1/Cox4i1/Cox5a/Cox5b/Cox6a1/Cox7a2/Cox7a2l/Cox7b/Cox7b2/Cox7c/Cox8a/Cox8c/Dnajc15/Mtch2/Ndufb6/Ndufb8/Ndufs7/Pink1/Sdhaf2/Uqcr10/Uqcrfs1",22,"turquoise"
"GO:0042773","ATP synthesis coupled electron transport",0.023454157782516,0.00492821941289908,0.239130434782609,4.75915453786966,8.31366091941588,6.7140412787337e-10,6.47851556488331e-07,6.24951213612258e-07,"Afg1l/Cdk1/Cox4i1/Cox5a/Cox5b/Cox6a1/Cox7a2/Cox7a2l/Cox7b/Cox7b2/Cox7c/Cox8a/Cox8c/Dnajc15/Mtch2/Ndufb6/Ndufb8/Ndufs7/Pink1/Sdhaf2/Uqcr10/Uqcrfs1",22,"turquoise"
"GO:0060294","cilium movement involved in cell motility",0.023454157782516,0.0099635740304264,0.118279569892473,2.35399041658069,4.26856495749007,0.000169965995562034,0.0218906204284161,0.0211168278696732,"Akap4/Cabs1/Catsperd/Cfap20/Cfap52/Clxn/Efcab9/Gapdhs/Insl6/Pgk2/Ropn1l/Slc9b1/Smcp/Sord/Spmip10/Tekt3/Tekt4/Tnp1/Tppp2/Ttll1/Ube2b/Vdac3",22,"turquoise"
"GO:0001539","cilium or flagellum-dependent cell motility",0.023454157782516,0.0102849796443111,0.114583333333333,2.28042821606254,4.10191057883838,0.000268141931471419,0.0266862163162123,0.0257429083970049,"Akap4/Cabs1/Catsperd/Cfap20/Cfap52/Clxn/Efcab9/Gapdhs/Insl6/Pgk2/Ropn1l/Slc9b1/Smcp/Sord/Spmip10/Tekt3/Tekt4/Tnp1/Tppp2/Ttll1/Ube2b/Vdac3",22,"turquoise"
"GO:0006457","protein folding",0.023454157782516,0.0102849796443111,0.114583333333333,2.28042821606254,4.10191057883838,0.000268141931471419,0.0266862163162123,0.0257429083970049,"Bag5/Cct2/Cct4/Cct5/Cct6b/Dnaja3/Dnajb1/Dnajb3/Dnajb4/Hspa2/Hspb1/Lyrm7/Pdia4/Pfdn1/Pofut2/Ppib/Ppie/Prdx4/Samd13/Sdf2l1/Sh3glb1/Tbca",22,"turquoise"
"GO:0060285","cilium-dependent cell motility",0.023454157782516,0.0102849796443111,0.114583333333333,2.28042821606254,4.10191057883838,0.000268141931471419,0.0266862163162123,0.0257429083970049,"Akap4/Cabs1/Catsperd/Cfap20/Cfap52/Clxn/Efcab9/Gapdhs/Insl6/Pgk2/Ropn1l/Slc9b1/Smcp/Sord/Spmip10/Tekt3/Tekt4/Tnp1/Tppp2/Ttll1/Ube2b/Vdac3",22,"turquoise"
"GO:0002181","cytoplasmic translation",0.0223880597014925,0.00648167988000857,0.173553719008264,3.45405205378068,6.22908037604834,6.01174607221649e-07,0.00026325436050236,0.000253948810397945,"Eef2/Eif2b2/Eif2b3/Eif2s2/Eif3c/Eif3d/Eif3g/Rpl11/Rpl17/Rpl19/Rpl22l1/Rpl26/Rpl38/Rpl41/Rplp0/Rplp1/Rplp2/Rps21/Rps28/Ybx3/Zcchc13",21,"turquoise"
"GO:0019646","aerobic electron transport chain",0.0213219616204691,0.00412470537818727,0.25974025974026,5.16932960429762,8.43227053518549,8.31187747169267e-10,6.47851556488331e-07,6.24951213612258e-07,"Afg1l/Cox4i1/Cox5a/Cox5b/Cox6a1/Cox7a2/Cox7a2l/Cox7b/Cox7b2/Cox7c/Cox8a/Cox8c/Dnajc15/Ndufb6/Ndufb8/Ndufs7/Pink1/Sdhaf2/Uqcr10/Uqcrfs1",20,"turquoise"
"GO:0007338","single fertilization",0.0213219616204691,0.00851724876794515,0.125786163522013,2.50338603478564,4.37886858064243,0.000143700579147463,0.0196645261277106,0.0189694218460121,"Actl7a/Adam2/Arsa/Ccdc136/Cct2/Cct4/Cct5/Col6a1/Crkl/Folr1/Llcfc1/Lyzl6/Mfge8/Pithd1/Pla2g10/Ppp3r2/Prss37/Smcp/Tmem95/Zpbp2",20,"turquoise"
"GO:0030317","flagellated sperm motility",0.0213219616204691,0.00899935718877223,0.119047619047619,2.36927606863641,4.10056886349036,0.000302818615005033,0.0282136747895114,0.0272163740652899,"Akap4/Cabs1/Catsperd/Cfap52/Clxn/Efcab9/Gapdhs/Insl6/Pgk2/Ropn1l/Slc9b1/Smcp/Sord/Spmip10/Tekt3/Tnp1/Tppp2/Ttll1/Ube2b/Vdac3",20,"turquoise"
"GO:0097722","sperm motility",0.0213219616204691,0.00899935718877223,0.119047619047619,2.36927606863641,4.10056886349036,0.000302818615005033,0.0282136747895114,0.0272163740652899,"Akap4/Cabs1/Catsperd/Cfap52/Clxn/Efcab9/Gapdhs/Insl6/Pgk2/Ropn1l/Slc9b1/Smcp/Sord/Spmip10/Tekt3/Tnp1/Tppp2/Ttll1/Ube2b/Vdac3",20,"turquoise"
"GO:0033108","mitochondrial respiratory chain complex assembly",0.0202558635394456,0.00557103064066852,0.182692307692308,3.63592750533049,6.20009960885336,9.12126031997534e-07,0.000332849991176433,0.00032108436547422,"Coa3/Cox19/Cox20/Lyrm2/Lyrm7/Ndufa13/Ndufa2/Ndufa3/Ndufa6/Ndufa9/Ndufab1/Ndufb10/Ndufb2/Ndufb4/Ndufb6/Ndufb8/Ndufs7/Sdhaf2/Uqcrfs1",19,"turquoise"
"GO:0006090","pyruvate metabolic process",0.0191897654584222,0.00755303192629098,0.127659574468085,2.54067050764415,4.2237780588697,0.000252167322563715,0.0266862163162123,0.0257429083970049,"Aldoart2/Bpgm/Col6a1/Dlat/Eif6/Eno1/Fbp1/Foxk2/Galk1/Gapdh/Gapdhs/Kyat1/Me1/Mpc2/Mtch2/Pdk3/Pgk2/Tpi1",18,"turquoise"
"GO:0072655","establishment of protein localization to mitochondrion",0.0181236673773987,0.00674951789157917,0.134920634920635,2.6851795444546,4.36553503681016,0.000190028773332587,0.0231148888450945,0.0222978206837331,"Bap1/Calm2/Calm3/Dnajc15/Maip1/Mff/Mtch2/Ndufa13/Pam16/Pink1/Pmaip1/Ppp2r2b/Sh3glb1/Timm44/Trmt10b/Ube2j2/Ube2l3",17,"turquoise"
"GO:0070585","protein localization to mitochondrion",0.0181236673773987,0.00723162631240626,0.125925925925926,2.50616757482429,4.03972340272416,0.000435517984499677,0.0373996093447126,0.0360776029856208,"Bap1/Calm2/Calm3/Dnajc15/Maip1/Mff/Mtch2/Ndufa13/Pam16/Pink1/Pmaip1/Ppp2r2b/Sh3glb1/Timm44/Trmt10b/Ube2j2/Ube2l3",17,"turquoise"
"GO:0042274","ribosomal small subunit biogenesis",0.0170575692963753,0.00610670666380973,0.140350877192982,2.79325178618187,4.41732381570761,0.000183085289518691,0.0229065852229242,0.0220968802056693,"Eral1/Fau/Imp4/Rps10/Rps12/Rps15/Rps15a/Rps16/Rps17/Rps21/Rps27/Rps27a/Rps28/Rps5/Tbl3/Wdr46",16,"turquoise"
"GO:0010257","NADH dehydrogenase complex assembly",0.0138592750533049,0.00332119134347547,0.209677419354839,4.17298301121123,5.75600812594008,1.00417338449773e-05,0.00219863762535778,0.00212091989052073,"Lyrm2/Ndufa13/Ndufa2/Ndufa3/Ndufa6/Ndufa9/Ndufab1/Ndufb10/Ndufb2/Ndufb4/Ndufb6/Ndufb8/Ndufs7",13,"turquoise"
"GO:0032981","mitochondrial respiratory chain complex I assembly",0.0138592750533049,0.00332119134347547,0.209677419354839,4.17298301121123,5.75600812594008,1.00417338449773e-05,0.00219863762535778,0.00212091989052073,"Lyrm2/Ndufa13/Ndufa2/Ndufa3/Ndufa6/Ndufa9/Ndufab1/Ndufb10/Ndufb2/Ndufb4/Ndufb6/Ndufb8/Ndufs7",13,"turquoise"
"GO:0009145","purine nucleoside triphosphate biosynthetic process",0.0138592750533049,0.00417827298050139,0.166666666666667,3.31698649609097,4.71645205754436,0.00012670060442034,0.0188814985660089,0.0182140728465748,"Adk/Atp5f1a/Atp5f1b/Atp5f1e/Atp5mc1/Atp5mc3/Atp5me/Atp5mg/Atp5po/Eno1/Nme2/Nme5/Nme6",13,"turquoise"
"GO:0009142","nucleoside triphosphate biosynthetic process",0.0138592750533049,0.00482108420827084,0.144444444444444,2.87472162994551,4.10055726000237,0.000542032817171192,0.044784183139484,0.0432011458849652,"Adk/Atp5f1a/Atp5f1b/Atp5f1e/Atp5mc1/Atp5mc3/Atp5me/Atp5mg/Atp5po/Eno1/Nme2/Nme5/Nme6",13,"turquoise"
"GO:0006123","mitochondrial electron transport, cytochrome c to oxygen",0.0127931769722814,0.00128562245553889,0.5,9.95095948827292,10.0922960185299,3.73297952855523e-10,5.44890578518112e-07,5.25629713968146e-07,"Afg1l/Cox4i1/Cox5a/Cox5b/Cox6a1/Cox7a2/Cox7a2l/Cox7b/Cox7b2/Cox7c/Cox8a/Cox8c",12,"turquoise"
"GO:0042255","ribosome assembly",0.0127931769722814,0.00342832654810371,0.1875,3.73160980810235,5.03488783669556,7.0598821169515e-05,0.0134414016478829,0.0129662731969457,"Ddx28/Eif6/Eral1/Fau/Mrpl20/Rpl38/Rplp0/Rps10/Rps15/Rps27/Rps28/Rps5",12,"turquoise"
"GO:0061077","chaperone-mediated protein folding",0.0127931769722814,0.00358902935504607,0.17910447761194,3.5645228017694,4.83682233111607,0.000112239687057338,0.0177655554997527,0.0171375762840609,"Cct2/Cct4/Cct5/Dnajb1/Dnajb3/Dnajb4/Hspa2/Hspb1/Pdia4/Ppib/Samd13/Sdf2l1",12,"turquoise"
"GO:0006487","protein N-linked glycosylation",0.0127931769722814,0.00369616455967431,0.173913043478261,3.46120330026884,4.71098316272924,0.000150444955960274,0.0199635897621224,0.0192579141393486,"Alg10/Alg12/Alg2/Ddost/Dhdds/Krtcap2/Mgat2/Mgat4d/Ost4/Pmm2/Rpn2/Tmem258",12,"turquoise"
"GO:0009206","purine ribonucleoside triphosphate biosynthetic process",0.0127931769722814,0.00412470537818727,0.155844155844156,3.10159776257857,4.25038137352742,0.000433956764342147,0.0373996093447126,0.0360776029856208,"Atp5f1a/Atp5f1b/Atp5f1e/Atp5mc1/Atp5mc3/Atp5me/Atp5mg/Atp5po/Eno1/Nme2/Nme5/Nme6",12,"turquoise"
"GO:0015986","proton motive force-driven ATP synthesis",0.00852878464818763,0.00171416327405185,0.25,4.97547974413646,5.17693245182288,0.000141019623824693,0.0196645261277106,0.0189694218460121,"Atp5f1a/Atp5f1b/Atp5f1e/Atp5mc1/Atp5mc3/Atp5me/Atp5mg/Atp5po",8,"turquoise"
"GO:0000028","ribosomal small subunit assembly",0.00746268656716418,0.00123205485322477,0.304347826086957,6.05710577547047,5.58173323730672,9.5376482881794e-05,0.0160636007130529,0.0154957824212405,"Eral1/Fau/Rps10/Rps15/Rps27/Rps28/Rps5",7,"turquoise"
"GO:0070979","protein K11-linked ubiquitination",0.00746268656716418,0.00155346046710949,0.241379310344828,4.80391147709727,4.71522489641024,0.000466269732615887,0.039265291521634,0.0378773367811246,"Anapc2/Cdc27/Ube2b/Ube2c/Ube2d2b/Ube2e2/Ube2l3",7,"turquoise"
"GO:0042776","proton motive force-driven mitochondrial ATP synthesis",0.00639658848614072,0.00117848725091065,0.272727272727273,5.4277960845125,4.77958761919772,0.000590174605109569,0.0478587888106445,0.0461670699864464,"Atp5f1a/Atp5f1b/Atp5f1e/Atp5me/Atp5mg/Atp5po",6,"turquoise"
"GO:0007042","lysosomal lumen acidification",0.00533049040511727,0.000749946432397686,0.357142857142857,7.10782820590923,5.25834600736296,0.000433602580067951,0.0373996093447126,0.0360776029856208,"Cln3/Lamp1/Snapin/Tmem106b/Tmem199",5,"turquoise"
"GO:0008380","RNA splicing",0.0803212851405622,0.0216948789372188,0.0987654320987654,3.70231543457782,9.10231718808229,1.0284740731017e-12,3.82489507786523e-09,3.73715000036534e-09,"Carm1/Ccnl1/Ccnl2/Cdk12/Celf3/Celf5/Celf6/Clasrp/Clk1/Ddx1/Ddx42/Ddx5/Hnrnph1/Hnrnph3/Ildr2/Lsm4/Luc7l3/Mfap1a/Nrde2/Nsrp1/Paxbp1/Pnn/Prpf3/Prpf38b/Prpf39/Prx/Rbm25/Rbm5/Rnpc3/Rsrp1/Snrnp70/Srsf10/Srsf4/Srsf5/Srsf6/Tia1/Tra2b/U2af2/Usp39/Zcrb1",40,"red"
"GO:0006397","mRNA processing",0.0783132530120482,0.0239447182344118,0.087248322147651,3.27058569849869,8.04414753134863,8.80805414984268e-11,1.24948803574952e-07,1.22082413195606e-07,"Adarb1/Akap8l/Carm1/Cdk12/Celf3/Celf5/Celf6/Clasrp/Ddx1/Ddx42/Ddx5/Dhx36/Hnrnph1/Lsm4/Luc7l3/Mfap1a/Nsrp1/Paf1/Paxbp1/Pnn/Prpf3/Prpf38b/Prpf39/Rbm25/Rbm5/Rnmt/Rnpc3/Rsrp1/Snrnp70/Srrt/Srsf10/Srsf4/Srsf5/Srsf6/Tia1/Tra2b/U2af2/Usp39/Zcrb1",39,"red"
"GO:0044782","cilium organization",0.0682730923694779,0.0227126633811871,0.080188679245283,3.00594832158824,6.91698936998354,1.26202644724008e-08,9.3869527145717e-06,9.17161114920579e-06,"Arl13b/Atg3/Bbs12/Cenpj/Cfap70/Dnaaf2/Dnaaf3/Dnaaf4/Dnal1/Drc7/Dync2i1/Eno4/Gas8/Htt/Ift122/Ift80/Iqcg/Kif3b/Lrguk/Lrrc61/Map4/Mns1/Nek1/Odf2l/Ofd1/Rpgr/Spag1/Stil/Stk36/Tctn2/Tmem67/Traf3ip1/Ttbk2/Ttll3",34,"red"
"GO:0007018","microtubule-based movement",0.0682730923694779,0.0236233126205271,0.0770975056689342,2.89007276270615,6.64989354694401,3.32933488640902e-08,1.23817964425552e-05,1.20977516082989e-05,"Armc3/Bbs12/Catsper1/Catsper4/Celf3/Cfap53/Cfap70/Cyb5d1/Dnaaf2/Dnaaf4/Drc7/Dync2i1/Eno4/Gas8/Htt/Ift122/Iqcg/Katnip/Kif11/Kif13b/Kif15/Kif23/Kif3b/Kif5c/Map4/Mns1/Ndel1/Nphp4/Ofd1/Rhot2/Rpgr/Stk36/Traf3ip1/Ttll3",34,"red"
"GO:0060271","cilium assembly",0.0642570281124498,0.0208377973001928,0.0822622107969152,3.08367660874862,6.87548552509154,1.87185003962752e-08,1.14068995460187e-05,1.11452193523603e-05,"Arl13b/Atg3/Cenpj/Cfap70/Dnaaf2/Dnaaf3/Dnaaf4/Dnal1/Drc7/Dync2i1/Gas8/Htt/Ift122/Ift80/Iqcg/Kif3b/Lrguk/Lrrc61/Map4/Mns1/Nek1/Odf2l/Ofd1/Rpgr/Spag1/Stil/Stk36/Tctn2/Tmem67/Traf3ip1/Ttbk2/Ttll3",32,"red"
"GO:0000375","RNA splicing, via transesterification reactions",0.0542168674698795,0.0158024426826655,0.0915254237288136,3.43091688789054,6.967316712738,2.76047582452723e-08,1.14068995460187e-05,1.11452193523603e-05,"Celf3/Celf5/Celf6/Ddx42/Ddx5/Lsm4/Luc7l3/Mfap1a/Nsrp1/Paxbp1/Prpf3/Prpf38b/Prpf39/Rbm25/Rbm5/Rnpc3/Rsrp1/Snrnp70/Srsf10/Srsf4/Srsf5/Srsf6/Tia1/Tra2b/U2af2/Usp39/Zcrb1",27,"red"
"GO:0000377","RNA splicing, via transesterification reactions with bulged adenosine as nucleophile",0.0542168674698795,0.0158024426826655,0.0915254237288136,3.43091688789054,6.967316712738,2.76047582452723e-08,1.14068995460187e-05,1.11452193523603e-05,"Celf3/Celf5/Celf6/Ddx42/Ddx5/Lsm4/Luc7l3/Mfap1a/Nsrp1/Paxbp1/Prpf3/Prpf38b/Prpf39/Rbm25/Rbm5/Rnpc3/Rsrp1/Snrnp70/Srsf10/Srsf4/Srsf5/Srsf6/Tia1/Tra2b/U2af2/Usp39/Zcrb1",27,"red"
"GO:0000398","mRNA splicing, via spliceosome",0.0542168674698795,0.0158024426826655,0.0915254237288136,3.43091688789054,6.967316712738,2.76047582452723e-08,1.14068995460187e-05,1.11452193523603e-05,"Celf3/Celf5/Celf6/Ddx42/Ddx5/Lsm4/Luc7l3/Mfap1a/Nsrp1/Paxbp1/Prpf3/Prpf38b/Prpf39/Rbm25/Rbm5/Rnpc3/Rsrp1/Snrnp70/Srsf10/Srsf4/Srsf5/Srsf6/Tia1/Tra2b/U2af2/Usp39/Zcrb1",27,"red"
"GO:0043484","regulation of RNA splicing",0.0461847389558233,0.00889222198414399,0.13855421686747,5.19383558329704,8.98525852897892,1.00792258866592e-10,1.24948803574952e-07,1.22082413195606e-07,"Ccnl1/Ccnl2/Cdk12/Celf3/Celf5/Celf6/Clk1/Ddx5/Hnrnph1/Hnrnph3/Ildr2/Nsrp1/Prx/Rbm25/Rbm5/Snrnp70/Srsf10/Srsf4/Srsf5/Srsf6/Tia1/Tra2b/U2af2",23,"red"
"GO:0003341","cilium movement",0.0381526104417671,0.0123205485322477,0.0826086956521739,3.09666492055177,5.29676265888892,1.40393815322039e-05,0.00307132117166273,0.00300086347053671,"Armc3/Catsper1/Catsper4/Celf3/Cfap53/Cfap70/Cyb5d1/Dnaaf2/Dnaaf4/Drc7/Eno4/Gas8/Iqcg/Katnip/Mns1/Nphp4/Ofd1/Stk36/Ttll3",19,"red"
"GO:0006302","double-strand break repair",0.0381526104417671,0.015106063852582,0.0673758865248227,2.52564869406705,4.27375812394461,0.000218078980797978,0.0251599777255028,0.0245827947831012,"Blm/Brca1/Brd8/Brme1/Cdc45/Ddx1/Epc1/Ercc6/Fan1/Fancd2/Iffo1/Kash5/Mcm3/Morc2b/Mus81/Pogz/Rbbp8/Shld2/Uvrag",19,"red"
"GO:0099111","microtubule-based transport",0.034136546184739,0.0114098992929076,0.07981220657277,2.99183588815355,4.84017207246919,6.07888339520958e-05,0.0097341067381936,0.00951080127941702,"Bbs12/Cfap53/Dnaaf2/Dnaaf4/Dync2i1/Gas8/Htt/Ift122/Katnip/Kif3b/Kif5c/Ndel1/Ofd1/Rhot2/Rpgr/Stk36/Traf3ip1",17,"red"
"GO:0050684","regulation of mRNA processing",0.0321285140562249,0.00712449110777802,0.120300751879699,4.50958722106471,6.72450060249169,5.25271803450916e-07,0.000177589621548542,0.000173515623494025,"Adarb1/Celf3/Celf5/Celf6/Ddx5/Dhx36/Nsrp1/Rbm25/Rbm5/Snrnp70/Srsf10/Srsf4/Srsf6/Tia1/Tra2b/U2af2",16,"red"
"GO:0022618","protein-RNA complex assembly",0.0301204819277108,0.0104456824512535,0.0769230769230769,2.88353413654618,4.37720168415206,0.000243531686423638,0.0258769811945574,0.0252833498205834,"Celf3/Celf5/Celf6/Ddx42/Lsm4/Luc7l3/Mief1/Prpf3/Prpf39/Rbm5/Rsrp1/Srsf10/Srsf6/U2af2/Usp39",15,"red"
"GO:0071826","protein-RNA complex organization",0.0301204819277108,0.0109813584743947,0.0731707317073171,2.74287393476344,4.15399760766535,0.000416085335149373,0.038685534035513,0.0377980678140957,"Celf3/Celf5/Celf6/Ddx42/Lsm4/Luc7l3/Mief1/Prpf3/Prpf39/Rbm5/Rsrp1/Srsf10/Srsf6/U2af2/Usp39",15,"red"
"GO:0048024","regulation of mRNA splicing, via spliceosome",0.0281124497991968,0.00594600385686737,0.126126126126126,4.72795687253519,6.52158195763874,1.5186675387496e-06,0.000470660381384147,0.00045986318804944,"Celf3/Celf5/Celf6/Ddx5/Nsrp1/Rbm25/Rbm5/Snrnp70/Srsf10/Srsf4/Srsf6/Tia1/Tra2b/U2af2",14,"red"
"GO:0060972","left/right pattern formation",0.0281124497991968,0.00749946432397686,0.1,3.74859437751004,5.4042430417576,2.32490661757946e-05,0.00480351539487668,0.00469332025958147,"Arl13b/Cfap53/Daam2/Dnaaf2/Dnaaf3/Dnaaf4/Gas8/Ift122/Mical2/Mns1/Ofd1/Srf/Stil/Tmem67",14,"red"
"GO:0000725","recombinational repair",0.0281124497991968,0.00889222198414399,0.0843373493975904,3.16146513765907,4.63092142681793,0.000149878002687193,0.018712238682012,0.018282970218453,"Blm/Brca1/Brd8/Cdc45/Epc1/Ercc6/Fan1/Hrob/Kash5/Mcm3/Mus81/Pogz/Rbbp8/Shld2",14,"red"
"GO:0035082","axoneme assembly",0.0261044176706827,0.00519605742446968,0.134020618556701,5.02388937192067,6.5779220976935,1.79151974559534e-06,0.000512512456451468,0.000500755154801225,"Dnaaf2/Dnaaf3/Dnaaf4/Dnal1/Drc7/Gas8/Iqcg/Lrguk/Lrrc61/Mns1/Ofd1/Spag1/Stk36",13,"red"
"GO:0001578","microtubule bundle formation",0.0261044176706827,0.00691022069852153,0.10077519379845,3.77765324865353,5.24087985208301,4.17242806576752e-05,0.00738917141742352,0.00721965999149347,"Dnaaf2/Dnaaf3/Dnaaf4/Dnal1/Drc7/Gas8/Iqcg/Lrguk/Lrrc61/Mns1/Ofd1/Spag1/Stk36",13,"red"
"GO:0007098","centrosome cycle",0.0261044176706827,0.0073387615170345,0.0948905109489051,3.55706035822121,4.97308985772902,7.80951482078407e-05,0.0116174342473984,0.0113509242784617,"Brca1/Ccnf/Cenpj/Chd3/Golga2/Haus6/Kif11/Mapk8/Ndel1/Nek2/Stil/Tmem67/Uvrag",13,"red"
"GO:0009799","specification of symmetry",0.0261044176706827,0.00766016713091922,0.0909090909090909,3.40781307046367,4.78504635665736,0.000121017526460154,0.0166690437372338,0.0162866472257486,"Arl13b/Cfap53/Daam2/Dnaaf2/Dnaaf3/Dnaaf4/Gas8/Mapk8/Mical2/Ofd1/Srf/Stil/Tmem67",13,"red"
"GO:0009855","determination of bilateral symmetry",0.0261044176706827,0.00766016713091922,0.0909090909090909,3.40781307046367,4.78504635665736,0.000121017526460154,0.0166690437372338,0.0162866472257486,"Arl13b/Cfap53/Daam2/Dnaaf2/Dnaaf3/Dnaaf4/Gas8/Mapk8/Mical2/Ofd1/Srf/Stil/Tmem67",13,"red"
"GO:0031023","microtubule organizing center organization",0.0261044176706827,0.00808870794943218,0.0860927152317881,3.22726668262454,4.5493552610173,0.000208845564857286,0.0250547308291692,0.0244799623051732,"Brca1/Ccnf/Cenpj/Chd3/Golga2/Haus6/Kif11/Mapk8/Ndel1/Nek2/Stil/Tmem67/Uvrag",13,"red"
"GO:0000724","double-strand break repair via homologous recombination",0.0261044176706827,0.00873151917720163,0.0797546012269939,2.98967649740065,4.22382774804863,0.000440256812390341,0.0399345142751141,0.0390183957990105,"Blm/Brca1/Brd8/Cdc45/Epc1/Ercc6/Fan1/Kash5/Mcm3/Mus81/Pogz/Rbbp8/Shld2",13,"red"
"GO:0000245","spliceosomal complex assembly",0.0240963855421687,0.00278551532033426,0.230769230769231,8.65060240963855,9.14594511953126,8.90837669408721e-09,8.28256323132758e-06,8.09255693368133e-06,"Celf3/Celf5/Celf6/Ddx42/Luc7l3/Prpf39/Rbm5/Rsrp1/Srsf10/Srsf6/U2af2/Usp39",12,"red"
"GO:0007368","determination of left/right symmetry",0.0240963855421687,0.00717805871009214,0.0895522388059701,3.35695018881496,4.53307281964394,0.000252019311776735,0.0260349950138244,0.0254377387208564,"Arl13b/Cfap53/Daam2/Dnaaf2/Dnaaf3/Dnaaf4/Gas8/Mical2/Ofd1/Srf/Stil/Tmem67",12,"red"
"GO:0006368","transcription elongation by RNA polymerase II",0.0220883534136546,0.00423184058281551,0.139240506329114,5.21956179146968,6.22196200180285,7.66514954790234e-06,0.00190044607790992,0.00185684885890238,"Ccnk/Cdk12/Eaf1/Eapp/Eloa/Ercc6/Ezh2/Glyr1/Paf1/Pwwp2a/Usp15",11,"red"
"GO:0070646","protein modification by small protein removal",0.0220883534136546,0.00492821941289908,0.119565217391304,4.48201501658809,5.54271979136712,3.33928350709269e-05,0.00653620808572512,0.00638626408115456,"Dnajb2/Otulin/Senp18/Senp2/Senp6/Usp15/Usp24/Usp28/Usp36/Usp37/Usp38",11,"red"
"GO:0006354","DNA-templated transcription elongation",0.0220883534136546,0.00508892221984144,0.115789473684211,4.34047770027478,5.40385667289583,4.51493979578561e-05,0.0076323005002394,0.00745721156701049,"Ccnk/Cdk12/Eaf1/Eapp/Eloa/Ercc6/Ezh2/Glyr1/Paf1/Pwwp2a/Usp15",11,"red"
"GO:0000381","regulation of alternative mRNA splicing, via spliceosome",0.0200803212851406,0.00321405613884723,0.166666666666667,6.24765729585007,6.74009027139812,3.8001838143048e-06,0.00100949168609997,0.000986333423081216,"Celf3/Celf5/Celf6/Ddx5/Nsrp1/Rbm25/Rbm5/Srsf6/Tia1/Tra2b",10,"red"
"GO:0000380","alternative mRNA splicing, via spliceosome",0.0200803212851406,0.00412470537818727,0.12987012987013,4.86830438637668,5.63104630754454,3.68847727788137e-05,0.00685872349822041,0.00670138082276131,"Celf3/Celf5/Celf6/Ddx5/Nsrp1/Rbm25/Rbm5/Srsf6/Tia1/Tra2b",10,"red"
"GO:1905515","non-motile cilium assembly",0.0180722891566265,0.00396400257124491,0.121621621621622,4.55910126994464,5.07860298418779,0.000150945727469847,0.018712238682012,0.018282970218453,"Arl13b/Cenpj/Htt/Ift122/Ift80/Map4/Stil/Tmem67/Ttbk2",9,"red"
"GO:0033143","regulation of intracellular steroid hormone receptor signaling pathway",0.0180722891566265,0.00428540818512963,0.1125,4.2171686746988,4.77394008825396,0.000275069767070996,0.0276482287496496,0.0270139640378117,"Brca1/Carm1/Ddx5/Dnaaf4/Med1/Per1/Rnf6/Safb2/Uba5",9,"red"
"GO:0016579","protein deubiquitination",0.0160642570281124,0.00380329976430255,0.112676056338028,4.22376831268737,4.50553141798796,0.000590837097689727,0.0499391628706385,0.0487935325651899,"Dnajb2/Otulin/Usp15/Usp24/Usp28/Usp36/Usp37/Usp38",8,"red"
"GO:0006376","mRNA splice site recognition",0.0140562248995984,0.00155346046710949,0.241379310344828,9.04833125605872,7.18072027598476,8.6420007612995e-06,0.00200872505195455,0.00196264385710565,"Celf3/Celf5/Celf6/Luc7l3/Prpf39/Srsf10/Srsf6",7,"red"
"GO:0003351","epithelial cilium movement involved in extracellular fluid movement",0.0140562248995984,0.0023569745018213,0.159090909090909,5.96367287331143,5.45716996460866,0.000150152342929518,0.018712238682012,0.018282970218453,"Cfap53/Dnaaf2/Dnaaf4/Gas8/Katnip/Ofd1/Stk36",7,"red"
"GO:0006858","extracellular transport",0.0140562248995984,0.00251767730876366,0.148936170212766,5.58301290267453,5.2080240406947,0.000230018618625194,0.0251599777255028,0.0245827947831012,"Cfap53/Dnaaf2/Dnaaf4/Gas8/Katnip/Ofd1/Stk36",7,"red"
"GO:0034243","regulation of transcription elongation by RNA polymerase II",0.0140562248995984,0.00251767730876366,0.148936170212766,5.58301290267453,5.2080240406947,0.000230018618625194,0.0251599777255028,0.0245827947831012,"Ccnk/Cdk12/Eaf1/Eapp/Ercc6/Ezh2/Pwwp2a",7,"red"
"GO:0070286","axonemal dynein complex assembly",0.0120481927710843,0.00192843368330834,0.166666666666667,6.24765729585007,5.21748788478057,0.000344941518258789,0.0328932693949855,0.0321386807295368,"Dnaaf2/Dnaaf3/Dnaaf4/Dnal1/Lrrc61/Spag1",6,"red"
"GO:1902855","regulation of non-motile cilium assembly",0.0100401606425703,0.000910649239340047,0.294117647058824,11.0252775809119,6.84611637589138,6.28175750784207e-05,0.0097341067381936,0.00951080127941702,"Cenpj/Htt/Map4/Tmem67/Ttbk2",5,"red"
"GO:0048025","negative regulation of mRNA splicing, via spliceosome",0.0100401606425703,0.00139275766016713,0.192307692307692,7.20883534136546,5.24475295251405,0.000547640783536207,0.0473645598597942,0.0462779922831575,"Srsf10/Srsf4/Srsf6/Tra2b/U2af2",5,"red"
"GO:1902857","positive regulation of non-motile cilium assembly",0.00803212851405622,0.000696378830083565,0.307692307692308,11.5341365461847,6.28995392860124,0.000295371097365845,0.0289075029237783,0.0282443498090553,"Cenpj/Htt/Tmem67/Ttbk2",4,"red"
"GO:0031053","primary miRNA processing",0.00803212851405622,0.000803514034711806,0.266666666666667,9.99625167336011,5.77041904235879,0.000540457420025407,0.0473645598597942,0.0462779922831575,"Ddx5/Dgcr8/Drosha/Srrt",4,"red"
